id,title,price,currency_id,available_quantity,condition,permalink,thumbnail_id,shipping.free_shipping
MLA1364247963,Chromecast Google Tv Hd 8gb 2gb Ram 60 Fps Wifi Bluetooth Hdmi 4ta Gen Blanco,85000,ARS,,new,https://articulo.mercadolibre.com.ar/MLA-1364247963-chromecast-google-tv-hd-8gb-2gb-ram-60-fps-wifi-bluetooth-hdmi-4ta-gen-blanco-_JM,http://http2.mlstatic.com/D_891351-MLU74085599976_012024-I.jpg,True
MLA1702536754,Google Chromecast 3ra Generación Streaming Hdmi Celular Color Negro Tipo De Control Remoto Negro,49498,ARS,,new,https://articulo.mercadolibre.com.ar/MLA-1702536754-google-chromecast-3ra-generacion-streaming-hdmi-celular-color-negro-tipo-de-control-remoto-negro-_JM,http://http2.mlstatic.com/D_691465-MLB50459349397_062022-I.jpg,True
MLA1121943927,Chromecast With Google Tv De Voz 4.ª Generación 4k 8gb Snow Con 2gb De Memoria Ram,109998,ARS,,new,https://articulo.mercadolibre.com.ar/MLA-1121943927-chromecast-with-google-tv-de-voz-4-generacion-4k-8gb-snow-con-2gb-de-memoria-ram-_JM,http://http2.mlstatic.com/D_656871-MLU72825274805_112023-I.jpg,True
MLA1401752153,Google Chromecast 3 Full Hd Media Streaming Negro,49225,ARS,,new,https://articulo.mercadolibre.com.ar/MLA-1401752153-google-chromecast-3-full-hd-media-streaming-negro-_JM,http://http2.mlstatic.com/D_978472-MEC32125652047_092019-I.jpg,True
MLA1398904167,Google Chromecast Con Google Tv Hd - Blanco,74900,ARS,,new,https://articulo.mercadolibre.com.ar/MLA-1398904167-google-chromecast-con-google-tv-hd-blanco-_JM,http://http2.mlstatic.com/D_827368-MLU74338205859_022024-I.jpg,True
MLA1398744289,Google Chromecast With Google Tv Ga01919-us De Voz 4.ª Generación 1080p 8gb Sky Con 2gb De Memoria Ram,85800,ARS,,new,https://articulo.mercadolibre.com.ar/MLA-1398744289-google-chromecast-with-google-tv-ga01919-us-de-voz-4-generacion-1080p-8gb-sky-con-2gb-de-memoria-ram-_JM,http://http2.mlstatic.com/D_898046-MLA74652414632_022024-I.jpg,True
MLA906338192,Google Chromecast With Google Tv Ga01919-us De Voz 4.ª Generación 4k 8gb Sunrise Con 2gb De Memoria Ram,89965.84,ARS,,new,https://articulo.mercadolibre.com.ar/MLA-906338192-google-chromecast-with-google-tv-ga01919-us-de-voz-4-generacion-4k-8gb-sunrise-con-2gb-de-memoria-ram-_JM,http://http2.mlstatic.com/D_700343-MLA74650711082_022024-I.jpg,True
MLA1421495495,Chromecast Google Tv Hd 8gb 2gb Ram 60 Fps Wifi Bluetooth Hdmi 4ta Gen Blanco,68999,ARS,,new,https://articulo.mercadolibre.com.ar/MLA-1421495495-chromecast-google-tv-hd-8gb-2gb-ram-60-fps-wifi-bluetooth-hdmi-4ta-gen-blanco-_JM,http://http2.mlstatic.com/D_652735-MLC52874645029_122022-I.jpg,True
MLA1421097775,Google Chromecast 3 Full Hd Media Streaming Negro. Color Carbón,49999,ARS,,new,https://articulo.mercadolibre.com.ar/MLA-1421097775-google-chromecast-3-full-hd-media-streaming-negro-color-carbon-_JM,http://http2.mlstatic.com/D_937811-MLU74447965693_022024-I.jpg,True
MLA1739258522,Google Chromecast Hd,70976,ARS,,new,https://articulo.mercadolibre.com.ar/MLA-1739258522-google-chromecast-hd-_JM,http://http2.mlstatic.com/D_768094-MCO74113009136_012024-I.jpg,True
MLA877404372,Google Chromecast 3 Generacion Full Hd En Caja Con Fuente,49225,ARS,,new,https://articulo.mercadolibre.com.ar/MLA-877404372-google-chromecast-3-generacion-full-hd-en-caja-con-fuente-_JM,http://http2.mlstatic.com/D_620605-MLA32691559317_102019-I.jpg,True
MLA1382825071,Google Chromecast Ultra 4k Negro,50880,ARS,,new,https://articulo.mercadolibre.com.ar/MLA-1382825071-google-chromecast-ultra-4k-negro-_JM,http://http2.mlstatic.com/D_657744-MLA71030490747_082023-I.jpg,True
MLA1365631869,Chromecast 4 Google Tv Full Hd En Caja Con Cargador Original,75999.2,ARS,,new,https://articulo.mercadolibre.com.ar/MLA-1365631869-chromecast-4-google-tv-full-hd-en-caja-con-cargador-original-_JM,http://http2.mlstatic.com/D_966678-MLA54918888276_042023-I.jpg,True
MLA782706781,Google Chromecast 3 Generacion Nuevo En Caja Hdmi C/ Fuente,49990,ARS,,new,https://articulo.mercadolibre.com.ar/MLA-782706781-google-chromecast-3-generacion-nuevo-en-caja-hdmi-c-fuente-_JM,http://http2.mlstatic.com/D_839355-MLA31025063579_062019-I.jpg,True
MLA1578077670,Chromecast Google Tv Hd 8gb 2gb Ram Wifi Bt 4ta Gen Blanco,68300,ARS,,new,https://articulo.mercadolibre.com.ar/MLA-1578077670-chromecast-google-tv-hd-8gb-2gb-ram-wifi-bt-4ta-gen-blanco-_JM,http://http2.mlstatic.com/D_652135-MLA53313434104_012023-I.jpg,True
MLA1282707838,Google Chromecast 4 Google Tv Box Full Hd 8gb 2gb 4ta Gen,89999,ARS,,new,https://articulo.mercadolibre.com.ar/MLA-1282707838-google-chromecast-4-google-tv-box-full-hd-8gb-2gb-4ta-gen-_JM,http://http2.mlstatic.com/D_654034-MLA52922398703_122022-I.jpg,True
MLA1419730881,Google Chromecast Con Google Tv Hd - Blanco,79999,ARS,,new,https://articulo.mercadolibre.com.ar/MLA-1419730881-google-chromecast-con-google-tv-hd-blanco-_JM,http://http2.mlstatic.com/D_827368-MLU74338205859_022024-I.jpg,True
MLA1382798627,Google Chromecast Ultra 4k Negro,60121.85,ARS,,new,https://articulo.mercadolibre.com.ar/MLA-1382798627-google-chromecast-ultra-4k-negro-_JM,http://http2.mlstatic.com/D_799040-MLA71030494893_082023-I.jpg,True
MLA778066728,Google Chromecast 3 Generacion Nuevo En Caja Hdmi Eps,49225,ARS,,new,https://articulo.mercadolibre.com.ar/MLA-778066728-google-chromecast-3-generacion-nuevo-en-caja-hdmi-eps-_JM,http://http2.mlstatic.com/D_600914-MLA29750902039_032019-I.jpg,True
MLA1385641269,Chromecast 4 Google Tv Hd 8gb 2gb Ram Wifi Bluetooth Blanco,79999,ARS,,new,https://articulo.mercadolibre.com.ar/MLA-1385641269-chromecast-4-google-tv-hd-8gb-2gb-ram-wifi-bluetooth-blanco-_JM,http://http2.mlstatic.com/D_707183-MLA71631052637_092023-I.jpg,True
MLA1256846341,Chromecast Smart Netflix Google Tv Full Hd Hdr Contr Remoto,71999.1,ARS,,new,https://articulo.mercadolibre.com.ar/MLA-1256846341-chromecast-smart-netflix-google-tv-full-hd-hdr-contr-remoto-_JM,http://http2.mlstatic.com/D_983118-MLA52555048823_112022-I.jpg,True
MLA1316498172,Google Chromecast With Google Tv De Voz 4k 8gb Snow Con 2gb,84547.08,ARS,,new,https://articulo.mercadolibre.com.ar/MLA-1316498172-google-chromecast-with-google-tv-de-voz-4k-8gb-snow-con-2gb-_JM,http://http2.mlstatic.com/D_635602-MLA74782529607_022024-I.jpg,True
MLA1390929065,Chromecast Googletv Hd 8gb 2gb Ram Bluetooth Hdmi 4ta Blanco,68447.07,ARS,,new,https://articulo.mercadolibre.com.ar/MLA-1390929065-chromecast-googletv-hd-8gb-2gb-ram-bluetooth-hdmi-4ta-blanco-_JM,http://http2.mlstatic.com/D_891351-MLU74085599976_012024-I.jpg,True
MLA1532640728,Chromecast Google Tv Hd 8gb 2gb Ram Hdmi 4ta Gen Blanco,72899,ARS,,new,https://articulo.mercadolibre.com.ar/MLA-1532640728-chromecast-google-tv-hd-8gb-2gb-ram-hdmi-4ta-gen-blanco-_JM,http://http2.mlstatic.com/D_652735-MLC52874645029_122022-I.jpg,True
MLA1164586179,Google Chromecast With Google Tv Voz 4k 8gb Snow 2gb Ram,84878,ARS,,new,https://articulo.mercadolibre.com.ar/MLA-1164586179-google-chromecast-with-google-tv-voz-4k-8gb-snow-2gb-ram-_JM,http://http2.mlstatic.com/D_827368-MLU74338205859_022024-I.jpg,True
MLA1277635992,Google Chromecast Hd Con Google Tv Y C Remoto,75900,ARS,,new,https://articulo.mercadolibre.com.ar/MLA-1277635992-google-chromecast-hd-con-google-tv-y-c-remoto-_JM,http://http2.mlstatic.com/D_652735-MLC52874645029_122022-I.jpg,True
MLA1366062917,Chromecast Google 4 Full Hd Google Tv Box 4ta Gen Streaming,71999,ARS,,new,https://articulo.mercadolibre.com.ar/MLA-1366062917-chromecast-google-4-full-hd-google-tv-box-4ta-gen-streaming-_JM,http://http2.mlstatic.com/D_652135-MLA53313434104_012023-I.jpg,True
MLA1415675521,Google Chromecast 3 Chromecast 3 3.ª Generación Full Hd,72300,ARS,,new,https://articulo.mercadolibre.com.ar/MLA-1415675521-google-chromecast-3-chromecast-3-3-generacion-full-hd-_JM,http://http2.mlstatic.com/D_764034-MLU74279098346_022024-I.jpg,True
MLA1324508604,Chromecast Google Ga03131 Tv Hd 8gb Blanco Control,71519,ARS,,new,https://articulo.mercadolibre.com.ar/MLA-1324508604-chromecast-google-ga03131-tv-hd-8gb-blanco-control-_JM,http://http2.mlstatic.com/D_652135-MLA53313434104_012023-I.jpg,True
MLA868094225,Google Chromecast 3 Generacion Nuevo En Caja Hdmi C/ Fuente,66239.1,ARS,,new,https://articulo.mercadolibre.com.ar/MLA-868094225-google-chromecast-3-generacion-nuevo-en-caja-hdmi-c-fuente-_JM,http://http2.mlstatic.com/D_620605-MLA32691559317_102019-I.jpg,True
MLA770888815,Google Chromecast 3 Generacion Smart Tv Netflix Original,49999,ARS,,new,https://articulo.mercadolibre.com.ar/MLA-770888815-google-chromecast-3-generacion-smart-tv-netflix-original-_JM,http://http2.mlstatic.com/D_721376-MLA31024091921_062019-I.jpg,True
MLA914388160,Google Chromecast 4k Android Tv Control De Voz 2gb Ram,84290,ARS,,new,https://articulo.mercadolibre.com.ar/MLA-914388160-google-chromecast-4k-android-tv-control-de-voz-2gb-ram-_JM,http://http2.mlstatic.com/D_710781-MLA74779495325_022024-I.jpg,True
MLA886507539,Google Chromecast Con Google Tv 4k + Control Remoto,86895,ARS,,new,https://articulo.mercadolibre.com.ar/MLA-886507539-google-chromecast-con-google-tv-4k-control-remoto-_JM,http://http2.mlstatic.com/D_854496-MLA43972240684_112020-I.jpg,True
MLA1397345489,Google Chromecast Con Google Tv Hd 4ta Generación,74900,ARS,,new,https://articulo.mercadolibre.com.ar/MLA-1397345489-google-chromecast-con-google-tv-hd-4ta-generacion-_JM,http://http2.mlstatic.com/D_919313-MLA75505237052_042024-I.jpg,True
MLA1405964398,Google Chromecast 4 Google Tv Box Full Hd 8gb 2gb 4ta Gen,68799,ARS,,new,https://articulo.mercadolibre.com.ar/MLA-1405964398-google-chromecast-4-google-tv-box-full-hd-8gb-2gb-4ta-gen-_JM,http://http2.mlstatic.com/D_652135-MLA53313434104_012023-I.jpg,True
MLA1414210389,Google Chromecast 3ra Gen Youtube Streaming Hdmi Netflix,49898,ARS,,new,https://articulo.mercadolibre.com.ar/MLA-1414210389-google-chromecast-3ra-gen-youtube-streaming-hdmi-netflix-_JM,http://http2.mlstatic.com/D_727188-MLA75079984357_032024-I.jpg,True
MLA1373397723,Google Chromecast Google Tv De Voz 4k 8gb 2gb Ram Evotech,124499,ARS,,new,https://articulo.mercadolibre.com.ar/MLA-1373397723-google-chromecast-google-tv-de-voz-4k-8gb-2gb-ram-evotech-_JM,http://http2.mlstatic.com/D_875576-MLA69965794395_062023-I.jpg,True
MLA1406638878,Chromecast 4ta Generación Google Tv Hd Blanco Control Remoto,118999,ARS,,new,https://articulo.mercadolibre.com.ar/MLA-1406638878-chromecast-4ta-generacion-google-tv-hd-blanco-control-remoto-_JM,http://http2.mlstatic.com/D_775754-MLA54976539905_042023-I.jpg,True
MLA1113438254,Google Chromecast 3 Full Hd Media Streaming Negro Carbón,99999,ARS,,new,https://articulo.mercadolibre.com.ar/MLA-1113438254-google-chromecast-3-full-hd-media-streaming-negro-carbon-_JM,http://http2.mlstatic.com/D_868786-MLA54151800527_032023-I.jpg,True
MLA1607129272,Chromecast 4 Google Tv Hd 4ta Cargador Control Pilas Todo,78000,ARS,,new,https://articulo.mercadolibre.com.ar/MLA-1607129272-chromecast-4-google-tv-hd-4ta-cargador-control-pilas-todo-_JM,http://http2.mlstatic.com/D_623023-MLA74911219850_032024-I.jpg,True
MLA1412966371,Google Chromecast 3 Negro,59999,ARS,,new,https://articulo.mercadolibre.com.ar/MLA-1412966371-google-chromecast-3-negro-_JM,http://http2.mlstatic.com/D_848186-MLU74618744618_022024-I.jpg,True
MLA1736415448,Google Chromecast 3rd Generation  Full Hd  Carbón,48051,ARS,,new,https://articulo.mercadolibre.com.ar/MLA-1736415448-google-chromecast-3rd-generation-full-hd-carbon-_JM,http://http2.mlstatic.com/D_712565-MLA45480679831_042021-I.jpg,True
MLA1389179379,Google Chromecast 3ra Generación / Uso Celular Streaming,50399,ARS,,new,https://articulo.mercadolibre.com.ar/MLA-1389179379-google-chromecast-3ra-generacion-uso-celular-streaming-_JM,http://http2.mlstatic.com/D_711060-MLA71803675904_092023-I.jpg,True
MLA1346263508,Chromecast Ga03131 Google Tv Hd Full Hd 8gb Control Remoto,72999,ARS,,new,https://articulo.mercadolibre.com.ar/MLA-1346263508-chromecast-ga03131-google-tv-hd-full-hd-8gb-control-remoto-_JM,http://http2.mlstatic.com/D_752761-MLA53812207449_022023-I.jpg,True
MLA1108803654,Chromecast With Google Tv De Voz 4k 8gb Con 2gb Ram,85900,ARS,,new,https://articulo.mercadolibre.com.ar/MLA-1108803654-chromecast-with-google-tv-de-voz-4k-8gb-con-2gb-ram-_JM,http://http2.mlstatic.com/D_710781-MLA74779495325_022024-I.jpg,True
MLA1389005159,Chromecast Google Tv Hd 8gb 2gb Ram 60 4ta Gen Blanco,82354.05,ARS,,new,https://articulo.mercadolibre.com.ar/MLA-1389005159-chromecast-google-tv-hd-8gb-2gb-ram-60-4ta-gen-blanco-_JM,http://http2.mlstatic.com/D_927415-MLU74033818114_012024-I.jpg,True
MLA1399316559,Google Chromecast  3ra Generacion Full Hd Media Streaming,54999,ARS,,new,https://articulo.mercadolibre.com.ar/MLA-1399316559-google-chromecast-3ra-generacion-full-hd-media-streaming-_JM,http://http2.mlstatic.com/D_849769-MLU72534254372_102023-I.jpg,True
MLA746583594,Google Chromecast 3 Generacion 1080p Caja 100% Original,56599,ARS,,new,https://articulo.mercadolibre.com.ar/MLA-746583594-google-chromecast-3-generacion-1080p-caja-100-original-_JM,http://http2.mlstatic.com/D_841598-MLA31021561008_062019-I.jpg,True
MLA1577820164,Chromecast Google Tv Hd 8gb 2gb Ram Wifi Bt 4ta Gen Blanco,99216,ARS,,new,https://articulo.mercadolibre.com.ar/MLA-1577820164-chromecast-google-tv-hd-8gb-2gb-ram-wifi-bt-4ta-gen-blanco-_JM,http://http2.mlstatic.com/D_652135-MLA53313434104_012023-I.jpg,True
MLA1520868370,Google Chromecast Con Google Tv 4.ª Generación 4k 8gb 2gb,84099,ARS,,new,https://articulo.mercadolibre.com.ar/MLA-1520868370-google-chromecast-con-google-tv-4-generacion-4k-8gb-2gb-_JM,http://http2.mlstatic.com/D_710781-MLA74779495325_022024-I.jpg,True
MLA1149489443,Google Nest Mini Nest Mini 2nd Gen Con Asistente Virtual Google Assistant Chalk 110v/220v,62091,ARS,,new,https://articulo.mercadolibre.com.ar/MLA-1149489443-google-nest-mini-nest-mini-2nd-gen-con-asistente-virtual-google-assistant-chalk-110v220v-_JM,http://http2.mlstatic.com/D_748685-MLA45255603145_032021-I.jpg,True
MLA936088119,"Google Nest Hub 2nd Gen Con Asistente Virtual Google Assistant, Pantalla Integrada De 7  Charcoal 110v/220v",310199.06,ARS,,new,https://articulo.mercadolibre.com.ar/MLA-936088119-google-nest-hub-2nd-gen-con-asistente-virtual-google-assistant-pantalla-integrada-de-7-charcoal-110v220v-_JM,http://http2.mlstatic.com/D_678299-MLA48754487602_012022-I.jpg,True
MLA1146279904,Google Home Mini Con Asistente Virtual Google Assistant Coral 110v/220v,66840,ARS,,new,https://articulo.mercadolibre.com.ar/MLA-1146279904-google-home-mini-con-asistente-virtual-google-assistant-coral-110v220v-_JM,http://http2.mlstatic.com/D_747055-MLA51559102373_092022-I.jpg,True
MLA1392974207,Google Home Mini Con Asistente Virtual Google Assistant Charcoal 110v/220v,89662,ARS,,new,https://articulo.mercadolibre.com.ar/MLA-1392974207-google-home-mini-con-asistente-virtual-google-assistant-charcoal-110v220v-_JM,http://http2.mlstatic.com/D_600981-MLU72605014728_112023-I.jpg,True
MLA1128217663,"Google Nest Hub 2nd Gen Con Asistente Virtual Google Assistant, Pantalla Integrada De 7  Chalk 110v/220v",200960,ARS,,new,https://articulo.mercadolibre.com.ar/MLA-1128217663-google-nest-hub-2nd-gen-con-asistente-virtual-google-assistant-pantalla-integrada-de-7-chalk-110v220v-_JM,http://http2.mlstatic.com/D_727920-MLA48754487544_012022-I.jpg,True
MLA1376911913,Google Home Mini Con Asistente Virtual Google Assistant Chalk 110v/220v,128999,ARS,,new,https://articulo.mercadolibre.com.ar/MLA-1376911913-google-home-mini-con-asistente-virtual-google-assistant-chalk-110v220v-_JM,http://http2.mlstatic.com/D_925569-MLU72639569259_112023-I.jpg,True
MLA1597470910,Google Home Mini Con Google Assistant Negro Reacondicionado,45724.88,ARS,,new,https://articulo.mercadolibre.com.ar/MLA-1597470910-google-home-mini-con-google-assistant-negro-reacondicionado-_JM,http://http2.mlstatic.com/D_724132-MLA73322329866_122023-I.jpg,True
MLA1597574484,Parlante Google Home Mini Asistente Virtual Refabricado,45724.88,ARS,,new,https://articulo.mercadolibre.com.ar/MLA-1597574484-parlante-google-home-mini-asistente-virtual-refabricado-_JM,http://http2.mlstatic.com/D_796916-MLA73322349956_122023-I.jpg,True
MLA1398793543,Google Home Mini Con Asistente Virtual Google Assistant Ref,51213.5,ARS,,new,https://articulo.mercadolibre.com.ar/MLA-1398793543-google-home-mini-con-asistente-virtual-google-assistant-ref-_JM,http://http2.mlstatic.com/D_670900-MLA73392967607_122023-I.jpg,True
MLA930506223,Soporte Montaje Embutido Pared Google Home Hub Mountgenie,17000,ARS,,new,https://articulo.mercadolibre.com.ar/MLA-930506223-soporte-montaje-embutido-pared-google-home-hub-mountgenie-_JM,http://http2.mlstatic.com/D_765698-MLA46838404907_072021-I.jpg,False
MLA1597457958,Google Home Mini Con Asistente Virtual  Charcoal Refabricado,49999,ARS,,new,https://articulo.mercadolibre.com.ar/MLA-1597457958-google-home-mini-con-asistente-virtual-charcoal-refabricado-_JM,http://http2.mlstatic.com/D_749611-MLA73410630481_122023-I.jpg,True
MLA1392445767,Google Home Mini Asistente Virtual Bulk Sin Caja Original +,88499,ARS,,new,https://articulo.mercadolibre.com.ar/MLA-1392445767-google-home-mini-asistente-virtual-bulk-sin-caja-original--_JM,http://http2.mlstatic.com/D_660365-MLA72222466224_102023-I.jpg,True
MLA1384134643,Google Home Mini Versión Bulk/ Sin Caja/ Cargador Original!,58588,ARS,,new,https://articulo.mercadolibre.com.ar/MLA-1384134643-google-home-mini-version-bulk-sin-caja-cargador-original-_JM,http://http2.mlstatic.com/D_793296-MLA71226340581_082023-I.jpg,True
MLA873646326,Google Home Mini Asistente Virtual Bulk - Sin Caja - Oferta!,58585,ARS,,new,https://articulo.mercadolibre.com.ar/MLA-873646326-google-home-mini-asistente-virtual-bulk-sin-caja-oferta-_JM,http://http2.mlstatic.com/D_858772-MLA43168430717_082020-I.jpg,True
MLA873351413,Google Home Mini Asistente Virtual Bulk - Sin Caja - Envío ,56994,ARS,,new,https://articulo.mercadolibre.com.ar/MLA-873351413-google-home-mini-asistente-virtual-bulk-sin-caja-envio-_JM,http://http2.mlstatic.com/D_858772-MLA43168430717_082020-I.jpg,True
MLA1597677282,Parlante Google Home Mini Asistente Virtual Wifi Refabricado,63926.14,ARS,,new,https://articulo.mercadolibre.com.ar/MLA-1597677282-parlante-google-home-mini-asistente-virtual-wifi-refabricado-_JM,http://http2.mlstatic.com/D_796916-MLA73322349956_122023-I.jpg,True
MLA1392498187,Google Home Mini Asistente Virtual Bulk Bolsa Nuevo Gtia +,88499,ARS,,new,https://articulo.mercadolibre.com.ar/MLA-1392498187-google-home-mini-asistente-virtual-bulk-bolsa-nuevo-gtia--_JM,http://http2.mlstatic.com/D_891716-MLA72222350978_102023-I.jpg,True
MLA873351456,Google Home Mini Asistente - Bulk - Sin Caja - Fuente 220v ,58587,ARS,,new,https://articulo.mercadolibre.com.ar/MLA-873351456-google-home-mini-asistente-bulk-sin-caja-fuente-220v-_JM,http://http2.mlstatic.com/D_858772-MLA43168430717_082020-I.jpg,True
MLA1110377590,Soporte De Pared Google Mini Home / Nest Mini 2da Generacion,8900,ARS,,new,https://articulo.mercadolibre.com.ar/MLA-1110377590-soporte-de-pared-google-mini-home-nest-mini-2da-generacion-_JM,http://http2.mlstatic.com/D_878921-MLA49388125896_032022-I.jpg,False
MLA1125935779,Google Home Mini + Chromecast 2nd Generation Netflix Spotify,100090.9,ARS,,new,https://articulo.mercadolibre.com.ar/MLA-1125935779-google-home-mini-chromecast-2nd-generation-netflix-spotify-_JM,http://http2.mlstatic.com/D_606031-MLA51092949052_082022-I.jpg,True
MLA1389173603,"Google Nest Hub Con Asistente Virtual Google Assistant, Pantalla Integrada De 7  Charcoal 110v/220v",184992.6,ARS,,new,https://articulo.mercadolibre.com.ar/MLA-1389173603-google-nest-hub-con-asistente-virtual-google-assistant-pantalla-integrada-de-7-charcoal-110v220v-_JM,http://http2.mlstatic.com/D_740239-MLA43071191161_082020-I.jpg,True
MLA1125948601,Combo Google Home Mini + Chromecast 2 Ga00379-us,98792.4,ARS,,new,https://articulo.mercadolibre.com.ar/MLA-1125948601-combo-google-home-mini-chromecast-2-ga00379-us-_JM,http://http2.mlstatic.com/D_602396-MLA51092947001_082022-I.jpg,True
MLA1398767505,Google Home Mini Con Asistente Virtual Multi-room Ref,67670.6,ARS,,new,https://articulo.mercadolibre.com.ar/MLA-1398767505-google-home-mini-con-asistente-virtual-multi-room-ref-_JM,http://http2.mlstatic.com/D_884084-MLA73304879358_122023-I.jpg,True
MLA934111387,"Google Nest Hub Con Asistente Virtual Google Assistant, Pantalla Integrada De 7  Chalk 110v/220v",200960,ARS,,new,https://articulo.mercadolibre.com.ar/MLA-934111387-google-nest-hub-con-asistente-virtual-google-assistant-pantalla-integrada-de-7-chalk-110v220v-_JM,http://http2.mlstatic.com/D_774989-MLA43070779446_082020-I.jpg,True
MLA1398845475,Google Home Mini Google Assistant Chalk  9 W Ref,67670.6,ARS,,new,https://articulo.mercadolibre.com.ar/MLA-1398845475-google-home-mini-google-assistant-chalk-9-w-ref-_JM,http://http2.mlstatic.com/D_782997-MLA73304987102_122023-I.jpg,True
MLA1597677284,Parlante Google Home Mini Google Assistant Wifi Refabricado,64007.05,ARS,,new,https://articulo.mercadolibre.com.ar/MLA-1597677284-parlante-google-home-mini-google-assistant-wifi-refabricado-_JM,http://http2.mlstatic.com/D_875624-MLA73322359484_122023-I.jpg,True
MLA1392446181,Google Home Mini Asistente Virtual Bulk Sin Caja C/ Cargador,58999,ARS,,new,https://articulo.mercadolibre.com.ar/MLA-1392446181-google-home-mini-asistente-virtual-bulk-sin-caja-c-cargador-_JM,http://http2.mlstatic.com/D_717253-MLA72285117637_102023-I.jpg,True
MLA1149361692,Asistente Google Nest Hub Pantalla Smart Tactil 7´´ ,319990,ARS,,new,https://articulo.mercadolibre.com.ar/MLA-1149361692-asistente-google-nest-hub-pantalla-smart-tactil-7-_JM,http://http2.mlstatic.com/D_774989-MLA43070779446_082020-I.jpg,True
MLA856427510,Asistente Virtual Google Home Hub Parlante Voice Match Cuota,439990,ARS,,new,https://articulo.mercadolibre.com.ar/MLA-856427510-asistente-virtual-google-home-hub-parlante-voice-match-cuota-_JM,http://http2.mlstatic.com/D_625925-MLA44248612571_122020-I.jpg,True
MLA1398845395,Google Home Mini Con Asistente Virtual Chalk 110v/220v Ref,52630.6,ARS,,new,https://articulo.mercadolibre.com.ar/MLA-1398845395-google-home-mini-con-asistente-virtual-chalk-110v220v-ref-_JM,http://http2.mlstatic.com/D_884084-MLA73304879358_122023-I.jpg,True
MLA1400506527,Google Home Mini Multi-room Google Assistant Refabricado,84990,ARS,,new,https://articulo.mercadolibre.com.ar/MLA-1400506527-google-home-mini-multi-room-google-assistant-refabricado-_JM,http://http2.mlstatic.com/D_609744-MLA73594029404_122023-I.jpg,True
MLA1154268993,Combo Google Home Mini + Chromecast 2 Asistente Virtuales,122190.6,ARS,,new,https://articulo.mercadolibre.com.ar/MLA-1154268993-combo-google-home-mini-chromecast-2-asistente-virtuales-_JM,http://http2.mlstatic.com/D_876043-MLA51180458234_082022-I.jpg,True
MLA1597677286,Speaker Google Home Mini Con Asistente Virtual  Refabricado,64007.05,ARS,,new,https://articulo.mercadolibre.com.ar/MLA-1597677286-speaker-google-home-mini-con-asistente-virtual-refabricado-_JM,http://http2.mlstatic.com/D_727906-MLA73410571461_122023-I.jpg,True
MLA856423988,Asistente Virtual Google Home Hub Smart Pantalla 7 Wifi Bt ,246992.4,ARS,,new,https://articulo.mercadolibre.com.ar/MLA-856423988-asistente-virtual-google-home-hub-smart-pantalla-7-wifi-bt-_JM,http://http2.mlstatic.com/D_873011-MLA44241689042_122020-I.jpg,True
MLA1400539531,Google Home Mini Asistente Virtual Google Assistant Ref,64990,ARS,,new,https://articulo.mercadolibre.com.ar/MLA-1400539531-google-home-mini-asistente-virtual-google-assistant-ref-_JM,http://http2.mlstatic.com/D_609744-MLA73594029404_122023-I.jpg,True
MLA1398755255,Google Home Mini Google Assistant Chalk 110v/220v Ref,52630.6,ARS,,new,https://articulo.mercadolibre.com.ar/MLA-1398755255-google-home-mini-google-assistant-chalk-110v220v-ref-_JM,http://http2.mlstatic.com/D_782997-MLA73304987102_122023-I.jpg,True
MLA856426768,Google Home Hub Parlante Asistente Virtual Smart Premium,439990,ARS,,new,https://articulo.mercadolibre.com.ar/MLA-856426768-google-home-hub-parlante-asistente-virtual-smart-premium-_JM,http://http2.mlstatic.com/D_742333-MLA44248611275_122020-I.jpg,True
MLA1398832615,Google Home Mini Con Asistente Virtual Bluetooth Ref,65754.72,ARS,,new,https://articulo.mercadolibre.com.ar/MLA-1398832615-google-home-mini-con-asistente-virtual-bluetooth-ref-_JM,http://http2.mlstatic.com/D_670900-MLA73392967607_122023-I.jpg,True
MLA873352268,Google Home Mini /bulk - Sin Caja + Cuot.s S/ Inter.s ,85998,ARS,,new,https://articulo.mercadolibre.com.ar/MLA-873352268-google-home-mini-bulk-sin-caja-cuots-s-inters-_JM,http://http2.mlstatic.com/D_858772-MLA43168430717_082020-I.jpg,True
MLA1110314122,Soporte Pared 45º Google Home Hub Base 138x60mm Nextsale,8900,ARS,,new,https://articulo.mercadolibre.com.ar/MLA-1110314122-soporte-pared-45-google-home-hub-base-138x60mm-nextsale-_JM,http://http2.mlstatic.com/D_927006-MLA50108907353_052022-I.jpg,False
MLA1149383493,Pantalla Google Nest Hub Google Assistant Youtube Spotify ,499990,ARS,,new,https://articulo.mercadolibre.com.ar/MLA-1149383493-pantalla-google-nest-hub-google-assistant-youtube-spotify-_JM,http://http2.mlstatic.com/D_774989-MLA43070779446_082020-I.jpg,True
MLA856428537,Asistente Virtual Google Home Hub Pantalla 7 Smart Nest Wifi,324990,ARS,,new,https://articulo.mercadolibre.com.ar/MLA-856428537-asistente-virtual-google-home-hub-pantalla-7-smart-nest-wifi-_JM,http://http2.mlstatic.com/D_937852-MLA44248601718_122020-I.jpg,True
MLA1683921990,Google Home Max Con Asistente Virtual Google Assistant Charcoal 100v/240v,671724,ARS,,new,https://articulo.mercadolibre.com.ar/MLA-1683921990-google-home-max-con-asistente-virtual-google-assistant-charcoal-100v240v-_JM,http://http2.mlstatic.com/D_743908-MLA43075393814_082020-I.jpg,True
MLA1397896665,Soporte De Pared Google Nest Hub V2.0 7 ,11900,ARS,,new,https://articulo.mercadolibre.com.ar/MLA-1397896665-soporte-de-pared-google-nest-hub-v20-7-_JM,http://http2.mlstatic.com/D_816764-MLA73237775545_122023-I.jpg,False
MLA873350814,Google Home Mini Asistente Virtual Bulk - Sin Caja / Cuot.s!,85997,ARS,,new,https://articulo.mercadolibre.com.ar/MLA-873350814-google-home-mini-asistente-virtual-bulk-sin-caja-cuots-_JM,http://http2.mlstatic.com/D_858772-MLA43168430717_082020-I.jpg,True
MLA1683895992,Google Home Max Con Asistente Virtual Google Assistant Chalk 100v/240v,671724,ARS,,new,https://articulo.mercadolibre.com.ar/MLA-1683895992-google-home-max-con-asistente-virtual-google-assistant-chalk-100v240v-_JM,http://http2.mlstatic.com/D_941273-MLA43075393812_082020-I.jpg,True
MLA833417329,Google Home Mini Asistente Virtual Parlante Original Español,95670,ARS,,new,https://articulo.mercadolibre.com.ar/MLA-833417329-google-home-mini-asistente-virtual-parlante-original-espanol-_JM,http://http2.mlstatic.com/D_938011-MLA40355319747_012020-I.jpg,True
MLA857710195,Soporte De Pared A 45º Google Home Hub - Base 138x60mm,7999,ARS,,new,https://articulo.mercadolibre.com.ar/MLA-857710195-soporte-de-pared-a-45-google-home-hub-base-138x60mm-_JM,http://http2.mlstatic.com/D_894424-MLA41939742087_052020-I.jpg,False
MLA912014012,Soporte De Pared Google Mini Home / Nest Mini 2da Generacion,3999,ARS,,new,https://articulo.mercadolibre.com.ar/MLA-912014012-soporte-de-pared-google-mini-home-nest-mini-2da-generacion-_JM,http://http2.mlstatic.com/D_865235-MLA45428940435_042021-I.jpg,False
MLA857704576,Soporte De Pared Google Home Hub Max - Base 198x84mm,4999,ARS,,new,https://articulo.mercadolibre.com.ar/MLA-857704576-soporte-de-pared-google-home-hub-max-base-198x84mm-_JM,http://http2.mlstatic.com/D_954327-MLA43489904193_092020-I.jpg,False
MLA1154176154, Apple Tv Hd A1625 De Voz 4.ª Generación 2015 Full Hd 32gb Negro Con 2gb De Memoria Ram,167465,ARS,,new,https://articulo.mercadolibre.com.ar/MLA-1154176154-apple-tv-hd-a1625-de-voz-4-generacion-2015-full-hd-32gb-negro-con-2gb-de-memoria-ram-_JM,http://http2.mlstatic.com/D_633039-MLA32691404911_102019-I.jpg,True
MLA1499376460,"Apple Tv 4k Mxh02ll/a 64gb Chip A12 Bionic Ethernet Wifi Y Bluetooth , Control Por Voz Siri Remote",300000,ARS,,new,https://articulo.mercadolibre.com.ar/MLA-1499376460-apple-tv-4k-mxh02lla-64gb-chip-a12-bionic-ethernet-wifi-y-bluetooth-control-por-voz-siri-remote-_JM,http://http2.mlstatic.com/D_708600-MLU71470973078_092023-I.jpg,True
MLA1421049015,"Apple Tv 32gb 4k 2021, 2da Generación ",215799.17,ARS,,new,https://articulo.mercadolibre.com.ar/MLA-1421049015-apple-tv-32gb-4k-2021-2da-generacion-_JM,http://http2.mlstatic.com/D_722397-MLU69379520168_052023-I.jpg,True
MLA1308281803, Apple Tv 4k A2169 De Voz 2.ª Generación 2021 4k 32gb Negro,249999,ARS,,new,https://articulo.mercadolibre.com.ar/MLA-1308281803-apple-tv-4k-a2169-de-voz-2-generacion-2021-4k-32gb-negro-_JM,http://http2.mlstatic.com/D_677886-MLA74782155651_022024-I.jpg,True
MLA1113585170,Apple Tv 4k 64gb Negro 1.ª Generación 2017,210592.2,ARS,,new,https://articulo.mercadolibre.com.ar/MLA-1113585170-apple-tv-4k-64gb-negro-1-generacion-2017-_JM,http://http2.mlstatic.com/D_973117-MLA32691559270_102019-I.jpg,True
MLA1264223887, Apple Tv 4k A2169 De Voz 2.ª Generación 2021 4k 64gb Negro,493498.95,ARS,,new,https://articulo.mercadolibre.com.ar/MLA-1264223887-apple-tv-4k-a2169-de-voz-2-generacion-2021-4k-64gb-negro-_JM,http://http2.mlstatic.com/D_677886-MLA74782155651_022024-I.jpg,True
MLA1421036173,Apple Tv 4k 32gb Negro 1.ª Generación 2017,259990,ARS,,new,https://articulo.mercadolibre.com.ar/MLA-1421036173-apple-tv-4k-32gb-negro-1-generacion-2017-_JM,http://http2.mlstatic.com/D_729472-MLU74219531278_012024-I.jpg,True
MLA1732589556, Apple Tv 4k (wifi + Ethernet) A2843 De Voz 3.ª Generación 2022 4k 128gb Negro,549000,ARS,,new,https://articulo.mercadolibre.com.ar/MLA-1732589556-apple-tv-4k-wifi-ethernet-a2843-de-voz-3-generacion-2022-4k-128gb-negro-_JM,http://http2.mlstatic.com/D_911533-MLA53244962397_012023-I.jpg,True
MLA1539634504, Apple Tv 4k (wifi) A2737 3.ª Generación 2022 4k 64gb Color Negro Tipo De Control Remoto Control De Voz,364000,ARS,,new,https://articulo.mercadolibre.com.ar/MLA-1539634504-apple-tv-4k-wifi-a2737-3-generacion-2022-4k-64gb-color-negro-tipo-de-control-remoto-control-de-voz-_JM,http://http2.mlstatic.com/D_659915-MLU74337895205_022024-I.jpg,True
MLA1106952603,Apple Tv 4k 32gb 5th Generation Netflix Disney+ Prime Video,237508.99,ARS,,new,https://articulo.mercadolibre.com.ar/MLA-1106952603-apple-tv-4k-32gb-5th-generation-netflix-disney-prime-video-_JM,http://http2.mlstatic.com/D_814847-MLA32691404908_102019-I.jpg,True
MLA1417741441,Apple Tv Fhd 32gb 2nd Gen 2021 Black Mhy93ll/a,175999.2,ARS,,new,https://articulo.mercadolibre.com.ar/MLA-1417741441-apple-tv-fhd-32gb-2nd-gen-2021-black-mhy93lla-_JM,http://http2.mlstatic.com/D_722397-MLU69379520168_052023-I.jpg,True
MLA1416056727,Apple Tv 4k 32gb 4ta Generacion Streaming Media Player,219990,ARS,,new,https://articulo.mercadolibre.com.ar/MLA-1416056727-apple-tv-4k-32gb-4ta-generacion-streaming-media-player-_JM,http://http2.mlstatic.com/D_756641-MLA75096028426_032024-I.jpg,True
MLA1113738548,Apple Tv 4k 64gb 5th Generation Con Chip A10x Fusion,314990,ARS,,new,https://articulo.mercadolibre.com.ar/MLA-1113738548-apple-tv-4k-64gb-5th-generation-con-chip-a10x-fusion-_JM,http://http2.mlstatic.com/D_613957-MLA32691559274_102019-I.jpg,True
MLA1106939558,Convertidor A Smart Tv Apple Tv 4k 32gb Mqd22ll/a,278791.8,ARS,,new,https://articulo.mercadolibre.com.ar/MLA-1106939558-convertidor-a-smart-tv-apple-tv-4k-32gb-mqd22lla-_JM,http://http2.mlstatic.com/D_814847-MLA32691404908_102019-I.jpg,True
MLA1308281824, Apple Tv 4k   2.ª Generación 2021 4k 32gb Negro,509999,ARS,,new,https://articulo.mercadolibre.com.ar/MLA-1308281824-apple-tv-4k-2-generacion-2021-4k-32gb-negro-_JM,http://http2.mlstatic.com/D_677886-MLA74782155651_022024-I.jpg,True
MLA906173046,Apple Tv 4k 32gb Mqd22ll/a New 4k _ap,249600,ARS,,new,https://articulo.mercadolibre.com.ar/MLA-906173046-apple-tv-4k-32gb-mqd22lla-new-4k-ap-_JM,http://http2.mlstatic.com/D_973117-MLA32691559270_102019-I.jpg,True
MLA1141318811,Convertidor A Smart Tv Apple Tv Resolucion 4k 32gb ,259990,ARS,,new,https://articulo.mercadolibre.com.ar/MLA-1141318811-convertidor-a-smart-tv-apple-tv-resolucion-4k-32gb-_JM,http://http2.mlstatic.com/D_973117-MLA32691559270_102019-I.jpg,True
MLA1113665059,Apple Tv 4k 64gb 5th Generation Sonido Dolby Digital Plus,314990,ARS,,new,https://articulo.mercadolibre.com.ar/MLA-1113665059-apple-tv-4k-64gb-5th-generation-sonido-dolby-digital-plus-_JM,http://http2.mlstatic.com/D_843335-MLA48341330634_112021-I.jpg,True
MLA1594865644, Apple Tv 4k A2169 2da Generación 2021 4k 64gb,763400,ARS,,new,https://articulo.mercadolibre.com.ar/MLA-1594865644-apple-tv-4k-a2169-2da-generacion-2021-4k-64gb-_JM,http://http2.mlstatic.com/D_677886-MLA74782155651_022024-I.jpg,True
MLA1378227377, Apple Tv 4k A2169 Control Voz 2ª Generación 2021 32gb Negro,699997,ARS,,new,https://articulo.mercadolibre.com.ar/MLA-1378227377-apple-tv-4k-a2169-control-voz-2-generacion-2021-32gb-negro-_JM,http://http2.mlstatic.com/D_677886-MLA74782155651_022024-I.jpg,True
MLA1674871220,Apple Tv 4k Hdr 32gb,249999,ARS,,new,https://articulo.mercadolibre.com.ar/MLA-1674871220-apple-tv-4k-hdr-32gb-_JM,http://http2.mlstatic.com/D_700128-MLA74486882632_022024-I.jpg,True
MLA1411537873, Apple Tv 4k A2169 De Voz 2.ª Generación 2021 4k 32gb Negro,579999,ARS,,new,https://articulo.mercadolibre.com.ar/MLA-1411537873-apple-tv-4k-a2169-de-voz-2-generacion-2021-4k-32gb-negro-_JM,http://http2.mlstatic.com/D_677886-MLA74782155651_022024-I.jpg,True
MLA927234893,Soporte Para Apple Tv 4 5 6 Gen + Soporte Control Remoto,3532,ARS,,new,https://articulo.mercadolibre.com.ar/MLA-927234893-soporte-para-apple-tv-4-5-6-gen-soporte-control-remoto-_JM,http://http2.mlstatic.com/D_803916-MLA46528956702_062021-I.jpg,False
MLA1419607821, Apple Tv A1469 Estándar 3.ª Generación ,70000,ARS,,used,https://articulo.mercadolibre.com.ar/MLA-1419607821-apple-tv-a1469-estandar-3-generacion-_JM,http://http2.mlstatic.com/D_909769-MLA75459253300_042024-I.jpg,False
MLA1735651606,Apple Tv 4k 32gb 2017 (a1842) + Siri Remote 2da Generación,200000,ARS,,used,https://articulo.mercadolibre.com.ar/MLA-1735651606-apple-tv-4k-32gb-2017-a1842-siri-remote-2da-generacion-_JM,http://http2.mlstatic.com/D_805135-MLA75697737099_042024-I.jpg,False
MLA1622879630,Apple Tv - Modelo A1469,250000,ARS,,used,https://articulo.mercadolibre.com.ar/MLA-1622879630-apple-tv-modelo-a1469-_JM,http://http2.mlstatic.com/D_649814-MLA73767530876_012024-I.jpg,False
MLA1313569771," Apple Tv  A1625,  Negro 32gb,  Control Remoto Usado",111999,ARS,,used,https://articulo.mercadolibre.com.ar/MLA-1313569771-apple-tv-a1625-negro-32gb-control-remoto-usado-_JM,http://http2.mlstatic.com/D_955001-MLA70917348063_082023-I.jpg,False
MLA1413965823, Apple Tv Mc572lla Estándar 2.ª Generación 2010 Hd ,150000,ARS,,used,https://articulo.mercadolibre.com.ar/MLA-1413965823-apple-tv-mc572lla-estandar-2-generacion-2010-hd-_JM,http://http2.mlstatic.com/D_906506-MLA75056153873_032024-I.jpg,False
MLA1728067370,Apple Tv 4k 32gb A1842 Negro Completo En Caja Remote Cable,339500,ARS,,used,https://articulo.mercadolibre.com.ar/MLA-1728067370-apple-tv-4k-32gb-a1842-negro-completo-en-caja-remote-cable-_JM,http://http2.mlstatic.com/D_807094-MLA75557287907_042024-I.jpg,True
MLA1338143888, Apple Tv A1427  8gb Negro  512mb Ram Con Caja,35000,ARS,,used,https://articulo.mercadolibre.com.ar/MLA-1338143888-apple-tv-a1427-8gb-negro-512mb-ram-con-caja-_JM,http://http2.mlstatic.com/D_737143-MLA53645925049_022023-I.jpg,False
MLA1558999436,Apple Tv 4k 64 Gb Nuevo Sin Uso (sin Caja),299000,ARS,,used,https://articulo.mercadolibre.com.ar/MLA-1558999436-apple-tv-4k-64-gb-nuevo-sin-uso-sin-caja-_JM,http://http2.mlstatic.com/D_929335-MLA72763492903_112023-I.jpg,True
MLA1419820159, Apple Tv A1469 Estándar 3.ª Generación Full Hd 8gb Negro,40000,ARS,,used,https://articulo.mercadolibre.com.ar/MLA-1419820159-apple-tv-a1469-estandar-3-generacion-full-hd-8gb-negro-_JM,http://http2.mlstatic.com/D_903943-MLA75475446150_042024-I.jpg,False
MLA1413766565, Apple Tv Hd A1625 (2015) 4gen 64gb Almacenamiento 2gb Ram,120000,ARS,,used,https://articulo.mercadolibre.com.ar/MLA-1413766565-apple-tv-hd-a1625-2015-4gen-64gb-almacenamiento-2gb-ram-_JM,http://http2.mlstatic.com/D_997586-MLA74388389176_022024-I.jpg,False
MLA1677887932,Apple Tv 3era Generación. Full Hd. Con Control Remoto Y Hdmi,55000,ARS,,used,https://articulo.mercadolibre.com.ar/MLA-1677887932-apple-tv-3era-generacion-full-hd-con-control-remoto-y-hdmi-_JM,http://http2.mlstatic.com/D_726197-MLA74537235240_022024-I.jpg,False
MLA1249915984,Apple Tv Model A1469,30999,ARS,,used,https://articulo.mercadolibre.com.ar/MLA-1249915984-apple-tv-model-a1469-_JM,http://http2.mlstatic.com/D_851069-MLA52491095516_112022-I.jpg,False
MLA1556046712, Apple Tv A1469 Estándar ,120000,ARS,,used,https://articulo.mercadolibre.com.ar/MLA-1556046712-apple-tv-a1469-estandar-_JM,http://http2.mlstatic.com/D_931252-MLA72684291155_112023-I.jpg,True
MLA1399520644,Apple Tv 4k 32gb A1842 Negro (usado),380000,ARS,,used,https://articulo.mercadolibre.com.ar/MLA-1399520644-apple-tv-4k-32gb-a1842-negro-usado-_JM,http://http2.mlstatic.com/D_725077-MLA54956413007_042023-I.jpg,False
MLA1414056647, Apple Tv A1469 Estándar 3.ª Generación Rev. A Full Hd 8gb ,150000,ARS,,used,https://articulo.mercadolibre.com.ar/MLA-1414056647-apple-tv-a1469-estandar-3-generacion-rev-a-full-hd-8gb-_JM,http://http2.mlstatic.com/D_758586-MLA74917840950_032024-I.jpg,False
MLA1400668481,Apple Tv 3ª Generación Full Hd - Perfecto Estado,54000,ARS,,used,https://articulo.mercadolibre.com.ar/MLA-1400668481-apple-tv-3-generacion-full-hd-perfecto-estado-_JM,http://http2.mlstatic.com/D_748428-MLA73706513475_122023-I.jpg,False
MLA1660147164,Apple Tv 3ra Generacion | A1469,45000,ARS,,used,https://articulo.mercadolibre.com.ar/MLA-1660147164-apple-tv-3ra-generacion-a1469-_JM,http://http2.mlstatic.com/D_810851-MLA74422426131_022024-I.jpg,False
MLA1129100341,Apple Tv Hd A1625 De Voz 4 Generación 2015 Full Hd 32gb,180000,ARS,,used,https://articulo.mercadolibre.com.ar/MLA-1129100341-apple-tv-hd-a1625-de-voz-4-generacion-2015-full-hd-32gb-_JM,http://http2.mlstatic.com/D_944207-MLA49461938630_032022-I.jpg,True
MLA1374336429, Apple Tv A1469 3.ª Gen Rev. A Full Hd 8gb  Con 512mb De Ram,58000,ARS,,used,https://articulo.mercadolibre.com.ar/MLA-1374336429-apple-tv-a1469-3-gen-rev-a-full-hd-8gb-con-512mb-de-ram-_JM,http://http2.mlstatic.com/D_939381-MLA70096950453_062023-I.jpg,True
MLA1414122791, Apple Tv A1427 Negro - 1080p Full Hd,180000,ARS,,used,https://articulo.mercadolibre.com.ar/MLA-1414122791-apple-tv-a1427-negro-1080p-full-hd-_JM,http://http2.mlstatic.com/D_850015-MLA74935891754_032024-I.jpg,False
MLA1736369560,Apple Tv 2da Gen,40000,ARS,,used,https://articulo.mercadolibre.com.ar/MLA-1736369560-apple-tv-2da-gen-_JM,http://http2.mlstatic.com/D_616489-MLA45257255120_032021-I.jpg,True
MLA1399255737, Apple Tv 4k A2169 De Voz 2.ª Generación 2021 4k 32gb Negro,799999,ARS,,used,https://articulo.mercadolibre.com.ar/MLA-1399255737-apple-tv-4k-a2169-de-voz-2-generacion-2021-4k-32gb-negro-_JM,http://http2.mlstatic.com/D_839946-MLA73396557486_122023-I.jpg,True
MLA1412203021,Apple Tv 4k 32 Gb,200000,ARS,,used,https://articulo.mercadolibre.com.ar/MLA-1412203021-apple-tv-4k-32-gb-_JM,http://http2.mlstatic.com/D_837412-MLA74808794573_022024-I.jpg,False
MLA1648021736,Apple Tv Hd Model A1625 32gb 4k,104990,ARS,,used,https://articulo.mercadolibre.com.ar/MLA-1648021736-apple-tv-hd-model-a1625-32gb-4k-_JM,http://http2.mlstatic.com/D_815957-MLA74160590980_012024-I.jpg,False
MLA1598302118,"Apple Tv 3 A1469  Full Hd Negro Completo, Sin Detalles.",99000,ARS,,used,https://articulo.mercadolibre.com.ar/MLA-1598302118-apple-tv-3-a1469-full-hd-negro-completo-sin-detalles-_JM,http://http2.mlstatic.com/D_768499-MLA73416500993_122023-I.jpg,False
MLA1140019211,"Apple Tv, 2da Generacion",145000,ARS,,used,https://articulo.mercadolibre.com.ar/MLA-1140019211-apple-tv-2da-generacion-_JM,http://http2.mlstatic.com/D_749993-MLA50153573903_062022-I.jpg,False
MLA1142240951,Amazon Fire Tv Stick Lite- De Voz 2.ª Generación Full Hd Negro Con 1gb De Memoria Ram,57950,ARS,,new,https://articulo.mercadolibre.com.ar/MLA-1142240951-amazon-fire-tv-stick-lite-de-voz-2-generacion-full-hd-negro-con-1gb-de-memoria-ram-_JM,http://http2.mlstatic.com/D_972640-MLA44341353803_122020-I.jpg,True
MLA1448231392,Amazon Fire Tv Stick Fire Tv Stick Lite Edición 2022 B091g4yp57 De Voz 2.ª Generación Full Hd 8gb Negro Con 1gb De Memoria Ram,67758,ARS,,new,https://articulo.mercadolibre.com.ar/MLA-1448231392-amazon-fire-tv-stick-fire-tv-stick-lite-edicion-2022-b091g4yp57-de-voz-2-generacion-full-hd-8gb-negro-con-1gb-de-memoria-ram-_JM,http://http2.mlstatic.com/D_921432-MLA52140925321_102022-I.jpg,True
MLA1114698517,Amazon Fire Tv Stick 4k De Voz 2ª Generación 4k 8gb Negro1 Con 1.5gb De Memoria Ram,63250,ARS,,new,https://articulo.mercadolibre.com.ar/MLA-1114698517-amazon-fire-tv-stick-4k-de-voz-2-generacion-4k-8gb-negro1-con-15gb-de-memoria-ram-_JM,http://http2.mlstatic.com/D_870264-MLA74779449903_022024-I.jpg,True
MLA1111950343,Amazon Fire Tv Stick De Voz 3.ª Generación Full Hd 8gb Negro Con 1gb De Memoria Ram,72999,ARS,,new,https://articulo.mercadolibre.com.ar/MLA-1111950343-amazon-fire-tv-stick-de-voz-3-generacion-full-hd-8gb-negro-con-1gb-de-memoria-ram-_JM,http://http2.mlstatic.com/D_761264-MLA48109484480_112021-I.jpg,True
MLA1565619806,Amazon Fire Tv Stick Lite Control Por Voz Alexa Fhd 1080p Color Negro Tipo De Control Remoto De Voz,72135,ARS,,new,https://articulo.mercadolibre.com.ar/MLA-1565619806-amazon-fire-tv-stick-lite-control-por-voz-alexa-fhd-1080p-color-negro-tipo-de-control-remoto-de-voz-_JM,http://http2.mlstatic.com/D_843463-MLU70509108856_072023-I.jpg,True
MLA1412833290,Amazon Fire Tv Stick 4k De Voz 3.ª Generación 4k 8gb Negro Con 1.5gb De Memoria Ram,86448,ARS,,new,https://articulo.mercadolibre.com.ar/MLA-1412833290-amazon-fire-tv-stick-4k-de-voz-3-generacion-4k-8gb-negro-con-15gb-de-memoria-ram-_JM,http://http2.mlstatic.com/D_784422-MLU73365004986_122023-I.jpg,True
MLA1359581175,Amazon Fire Tv Stick 3ra Hd Alexa Voice Remote Original,115199,ARS,,new,https://articulo.mercadolibre.com.ar/MLA-1359581175-amazon-fire-tv-stick-3ra-hd-alexa-voice-remote-original-_JM,http://http2.mlstatic.com/D_753131-MLA47043467427_082021-I.jpg,True
MLA1544822012,Amazon Max Fire Tv Stick 4k Max B08mqzxn1x De Voz 3.ª Generación 4k 8gb Negro Con 2gb De Memoria Ram,92430,ARS,,new,https://articulo.mercadolibre.com.ar/MLA-1544822012-amazon-max-fire-tv-stick-4k-max-b08mqzxn1x-de-voz-3-generacion-4k-8gb-negro-con-2gb-de-memoria-ram-_JM,http://http2.mlstatic.com/D_797836-MLA74089533094_012024-I.jpg,True
MLA1544912054,Amazon Fire Tv Stick Edición 2021 De Voz Full Hd 8gb Negro,89899,ARS,,new,https://articulo.mercadolibre.com.ar/MLA-1544912054-amazon-fire-tv-stick-edicion-2021-de-voz-full-hd-8gb-negro-_JM,http://http2.mlstatic.com/D_840026-MLA48231357091_112021-I.jpg,True
MLA1558037076,"Fire Tv Stick (3.ª Generación 2021) Con Alexa Voice Remote, ",142417.0,ARS,,new,https://articulo.mercadolibre.com.ar/MLA-1558037076-fire-tv-stick-3-generacion-2021-con-alexa-voice-remote-_JM,http://http2.mlstatic.com/D_644764-MPE48988702985_012022-I.jpg,True
MLA1368008969,Amazon Tv Stick Fire Tv Stick 4k Max K2r2te De Voz 1.ª Generación 4k 8gb Negro Con 2gb De Memoria Ram,96999,ARS,,new,https://articulo.mercadolibre.com.ar/MLA-1368008969-amazon-tv-stick-fire-tv-stick-4k-max-k2r2te-de-voz-1-generacion-4k-8gb-negro-con-2gb-de-memoria-ram-_JM,http://http2.mlstatic.com/D_940832-MLU73213842177_122023-I.jpg,True
MLA1730051170,Fire Tv Stick 4k (2023) Wi-fi 6 2gb De Ram Con Alexa Color Negro,67899,ARS,,new,https://articulo.mercadolibre.com.ar/MLA-1730051170-fire-tv-stick-4k-2023-wi-fi-6-2gb-de-ram-con-alexa-color-negro-_JM,http://http2.mlstatic.com/D_641666-MLU72675477192_112023-I.jpg,True
MLA1473269098,"Amazon Fire Tv Stick 4k Streaming, Con Alexa Voice Remote Color Negro",200940.48,ARS,,new,https://articulo.mercadolibre.com.ar/MLA-1473269098-amazon-fire-tv-stick-4k-streaming-con-alexa-voice-remote-color-negro-_JM,http://http2.mlstatic.com/D_752901-MLU70084963645_062023-I.jpg,True
MLA1713075018,Amazon Fire Tv Stick Lite 3ra Gen Con Alexa Control De Voz,66999,ARS,,new,https://articulo.mercadolibre.com.ar/MLA-1713075018-amazon-fire-tv-stick-lite-3ra-gen-con-alexa-control-de-voz-_JM,http://http2.mlstatic.com/D_844744-MEC49779097435_042022-I.jpg,True
MLA1711026968,Amazon Fire Tv Stick Lite 100% Original Netflix Disney Plus,70809,ARS,,new,https://articulo.mercadolibre.com.ar/MLA-1711026968-amazon-fire-tv-stick-lite-100-original-netflix-disney-plus-_JM,http://http2.mlstatic.com/D_972640-MLA44341353803_122020-I.jpg,True
MLA1114672681, Amazon Fire Tv Stick 4k Ultra Hd Hdr Con Alexa En Control ,63900,ARS,,new,https://articulo.mercadolibre.com.ar/MLA-1114672681-amazon-fire-tv-stick-4k-ultra-hd-hdr-con-alexa-en-control-_JM,http://http2.mlstatic.com/D_985334-MLA48431489241_122021-I.jpg,True
MLA1373073449,Amazon Fire Tv Stick Lite 2022 Full Hd 8gb Streaming ,59264,ARS,,new,https://articulo.mercadolibre.com.ar/MLA-1373073449-amazon-fire-tv-stick-lite-2022-full-hd-8gb-streaming-_JM,http://http2.mlstatic.com/D_921432-MLA52140925321_102022-I.jpg,True
MLA1369261961,Amazon Fire Tv Stick Lite Control De Voz Full Hd 8gb 1gb Ram,84999,ARS,,new,https://articulo.mercadolibre.com.ar/MLA-1369261961-amazon-fire-tv-stick-lite-control-de-voz-full-hd-8gb-1gb-ram-_JM,http://http2.mlstatic.com/D_752249-MLA69339468528_052023-I.jpg,True
MLA1144622469,Amazon Fire Tv Stick 4k Max Con Control De Voz Alexa,110999,ARS,,new,https://articulo.mercadolibre.com.ar/MLA-1144622469-amazon-fire-tv-stick-4k-max-con-control-de-voz-alexa-_JM,http://http2.mlstatic.com/D_775901-MLA50540361625_072022-I.jpg,True
MLA1407883390,Streaming Tv Amazon Fire Tv Stick 4k Max Netflix Prime Hbo,102999,ARS,,new,https://articulo.mercadolibre.com.ar/MLA-1407883390-streaming-tv-amazon-fire-tv-stick-4k-max-netflix-prime-hbo-_JM,http://http2.mlstatic.com/D_821165-MLA69169966767_042023-I.jpg,True
MLA1123043676,Amazon Fire Tv Stick 4k De Voz 4k 8gb 1.5gb De Memoria Ram,64599,ARS,,new,https://articulo.mercadolibre.com.ar/MLA-1123043676-amazon-fire-tv-stick-4k-de-voz-4k-8gb-15gb-de-memoria-ram-_JM,http://http2.mlstatic.com/D_870264-MLA74779449903_022024-I.jpg,True
MLA1143429135,Amazon Fire Tv Stick Lite Full Hd Control Por Voz Smart + ,93999,ARS,,new,https://articulo.mercadolibre.com.ar/MLA-1143429135-amazon-fire-tv-stick-lite-full-hd-control-por-voz-smart--_JM,http://http2.mlstatic.com/D_649466-MLA50433787367_062022-I.jpg,True
MLA1583102304,Amazon Fire Tv Stick Lite Edición 2022 De Voz  Full Hd 8gb ,80578,ARS,,new,https://articulo.mercadolibre.com.ar/MLA-1583102304-amazon-fire-tv-stick-lite-edicion-2022-de-voz-full-hd-8gb-_JM,http://http2.mlstatic.com/D_921432-MLA52140925321_102022-I.jpg,True
MLA1109986856,Amazon Fire Tv Stick 4k Max - Alexa 3 - Wi-fi 6 - Hdr - 2021,99990,ARS,,new,https://articulo.mercadolibre.com.ar/MLA-1109986856-amazon-fire-tv-stick-4k-max-alexa-3-wi-fi-6-hdr-2021-_JM,http://http2.mlstatic.com/D_751802-MLA48037824061_102021-I.jpg,True
MLA1161938993,Amazon Fire Tv Stick Lite Full Hd 8gb C/fuente Original220v ,59265,ARS,,new,https://articulo.mercadolibre.com.ar/MLA-1161938993-amazon-fire-tv-stick-lite-full-hd-8gb-cfuente-original220v-_JM,http://http2.mlstatic.com/D_782871-MLA51389207837_092022-I.jpg,True
MLA1142228894,Amazon Fire Tv Stick 4k De Voz 4k 8gb Negro Con 1.5gb De Ram,63250,ARS,,new,https://articulo.mercadolibre.com.ar/MLA-1142228894-amazon-fire-tv-stick-4k-de-voz-4k-8gb-negro-con-15gb-de-ram-_JM,http://http2.mlstatic.com/D_870264-MLA74779449903_022024-I.jpg,True
MLA1143409979,Amazon Fire Tv Stick Lite Full Hd Control Voz Smart Tv Hdmi,64999,ARS,,new,https://articulo.mercadolibre.com.ar/MLA-1143409979-amazon-fire-tv-stick-lite-full-hd-control-voz-smart-tv-hdmi-_JM,http://http2.mlstatic.com/D_894501-MLA50433789291_062022-I.jpg,True
MLA1734140408,Amazon Fire Tv Stick 4k De Voz 4k 8gb Negro Con 1.5gb De Me,64025,ARS,,new,https://articulo.mercadolibre.com.ar/MLA-1734140408-amazon-fire-tv-stick-4k-de-voz-4k-8gb-negro-con-15gb-de-me-_JM,http://http2.mlstatic.com/D_875753-MLA75528071788_042024-I.jpg,True
MLA1106521661,Amazon Fire Tv Stick Lite Full Hd 8gb 1gb Ram Streaming ,58699,ARS,,new,https://articulo.mercadolibre.com.ar/MLA-1106521661-amazon-fire-tv-stick-lite-full-hd-8gb-1gb-ram-streaming-_JM,http://http2.mlstatic.com/D_924513-MLA69588981085_052023-I.jpg,True
MLA1175787084,Amazon Fire Tv Stick Lite De Voz Full Hd Convertidor A Smart,80990,ARS,,new,https://articulo.mercadolibre.com.ar/MLA-1175787084-amazon-fire-tv-stick-lite-de-voz-full-hd-convertidor-a-smart-_JM,http://http2.mlstatic.com/D_968210-MLA51670196881_092022-I.jpg,True
MLA1143410892,Amazon Fire Tv Stick Lite Control Voz Bt Hdmi Full Hd 8gb +,93999,ARS,,new,https://articulo.mercadolibre.com.ar/MLA-1143410892-amazon-fire-tv-stick-lite-control-voz-bt-hdmi-full-hd-8gb--_JM,http://http2.mlstatic.com/D_709099-MLA50433794499_062022-I.jpg,True
MLA1106495695, Amazon Fire Tv Stick Lite Full Hd 8gb 1gb Ram Streaming ,58699,ARS,,new,https://articulo.mercadolibre.com.ar/MLA-1106495695-amazon-fire-tv-stick-lite-full-hd-8gb-1gb-ram-streaming-_JM,http://http2.mlstatic.com/D_964573-MLA69588939177_052023-I.jpg,True
MLA1106948651,Amazon Fire Tv Stick Lite Full Hd 8gb 1gb Ram Streaming,58699,ARS,,new,https://articulo.mercadolibre.com.ar/MLA-1106948651-amazon-fire-tv-stick-lite-full-hd-8gb-1gb-ram-streaming-_JM,http://http2.mlstatic.com/D_820326-MLA69588981533_052023-I.jpg,True
MLA1453363808,Amazon Fire Tv Stick Lite Full Hd 8gb 1gb Ram Black Control,58699,ARS,,new,https://articulo.mercadolibre.com.ar/MLA-1453363808-amazon-fire-tv-stick-lite-full-hd-8gb-1gb-ram-black-control-_JM,http://http2.mlstatic.com/D_972640-MLA44341353803_122020-I.jpg,True
MLA1119676470,Amazon Fire Tv Stick 4k Max Streaming Tv ,134990,ARS,,new,https://articulo.mercadolibre.com.ar/MLA-1119676470-amazon-fire-tv-stick-4k-max-streaming-tv-_JM,http://http2.mlstatic.com/D_834252-MLA48850396230_012022-I.jpg,True
MLA1405570931,Amazon Fire Tv Stick 4k Max Alexa 3° Gen Con Detalles,106999,ARS,,new,https://articulo.mercadolibre.com.ar/MLA-1405570931-amazon-fire-tv-stick-4k-max-alexa-3-gen-con-detalles-_JM,http://http2.mlstatic.com/D_705026-MLA74308596649_012024-I.jpg,True
MLA1122778348,Amazon Fire Tv Stick 4k Hd Smart Tv Apps Netflix Disney  +,134999,ARS,,new,https://articulo.mercadolibre.com.ar/MLA-1122778348-amazon-fire-tv-stick-4k-hd-smart-tv-apps-netflix-disney--_JM,http://http2.mlstatic.com/D_864838-MLA49062703106_022022-I.jpg,True
MLA1359567353,Amazon Fire Tv Stick 4k Max 3rd Gen Dolby Vision 8gb 2gb Ram,103999,ARS,,new,https://articulo.mercadolibre.com.ar/MLA-1359567353-amazon-fire-tv-stick-4k-max-3rd-gen-dolby-vision-8gb-2gb-ram-_JM,http://http2.mlstatic.com/D_840026-MLA48231357091_112021-I.jpg,True
MLA864435736,"Amazon Fire Tv Stick 4k 8gb 1,5gb Ram Convertidor Smart Tv",79990,ARS,,new,https://articulo.mercadolibre.com.ar/MLA-864435736-amazon-fire-tv-stick-4k-8gb-15gb-ram-convertidor-smart-tv-_JM,http://http2.mlstatic.com/D_718000-MLA42346856288_062020-I.jpg,True
MLA1286072659,Amazon Fire Tv Stick Lite Con Cargador Cuot.s S/ Inter.s!,88996,ARS,,new,https://articulo.mercadolibre.com.ar/MLA-1286072659-amazon-fire-tv-stick-lite-con-cargador-cuots-s-inters-_JM,http://http2.mlstatic.com/D_607710-MLA52963039024_122022-I.jpg,True
MLA1403830169,Amazon Fire Tv Stick 4k De Voz 4k 8gb Negro Con 1.5gb Ram,74999,ARS,,new,https://articulo.mercadolibre.com.ar/MLA-1403830169-amazon-fire-tv-stick-4k-de-voz-4k-8gb-negro-con-15gb-ram-_JM,http://http2.mlstatic.com/D_705507-MLU69973925203_062023-I.jpg,True
MLA1545267704,Amazon Fire Tv Stick 4k Max Control De Voz 3.ª Gen 8gb,108367,ARS,,new,https://articulo.mercadolibre.com.ar/MLA-1545267704-amazon-fire-tv-stick-4k-max-control-de-voz-3-gen-8gb-_JM,http://http2.mlstatic.com/D_797836-MLA74089533094_012024-I.jpg,True
MLA1286252840,"Amazon Fire Tv Stick 4k 8gb Hdr Dolby 1,5gb Ram Control Voz",83099,ARS,,new,https://articulo.mercadolibre.com.ar/MLA-1286252840-amazon-fire-tv-stick-4k-8gb-hdr-dolby-15gb-ram-control-voz-_JM,http://http2.mlstatic.com/D_975662-MLA52977647966_122022-I.jpg,True
MLA1629343006,Amazon Fire Tv Stick Lite Edición 2022 Full Hd Control Voz,73999,ARS,,new,https://articulo.mercadolibre.com.ar/MLA-1629343006-amazon-fire-tv-stick-lite-edicion-2022-full-hd-control-voz-_JM,http://http2.mlstatic.com/D_921432-MLA52140925321_102022-I.jpg,True
MLA1341285993,Amazon Fire Tv Stick Hd 8gb Hdr Dolby 1080p Imp Control Voz,115199,ARS,,new,https://articulo.mercadolibre.com.ar/MLA-1341285993-amazon-fire-tv-stick-hd-8gb-hdr-dolby-1080p-imp-control-voz-_JM,http://http2.mlstatic.com/D_840026-MLA48231357091_112021-I.jpg,True
MLA1392920957,Amazon Fire Tv Cube De Voz 2.ª Generación 4k 16gb Negro Con 2gb De Memoria Ram,325000,ARS,,new,https://articulo.mercadolibre.com.ar/MLA-1392920957-amazon-fire-tv-cube-de-voz-2-generacion-4k-16gb-negro-con-2gb-de-memoria-ram-_JM,http://http2.mlstatic.com/D_919183-MLA43611455075_092020-I.jpg,True
MLA1109108466,Amazon Fire Tv Stick 3ra Generacion Hd Alexa  Remote,93999,ARS,,new,https://articulo.mercadolibre.com.ar/MLA-1109108466-amazon-fire-tv-stick-3ra-generacion-hd-alexa-remote-_JM,http://http2.mlstatic.com/D_697815-MLA47426372604_092021-I.jpg,True
MLA1704870968,Fire Tv Stick Lite Con Botones Amazon Streaming,64999,ARS,,new,https://articulo.mercadolibre.com.ar/MLA-1704870968-fire-tv-stick-lite-con-botones-amazon-streaming-_JM,http://http2.mlstatic.com/D_629524-MPE51917703324_102022-I.jpg,True
MLA1382303479,Amazon Fire Tv Stick 4k Max Control De Voz Alexa 3ra Gen 8gb,137999,ARS,,new,https://articulo.mercadolibre.com.ar/MLA-1382303479-amazon-fire-tv-stick-4k-max-control-de-voz-alexa-3ra-gen-8gb-_JM,http://http2.mlstatic.com/D_797836-MLA74089533094_012024-I.jpg,True
MLA1409003536,Amazon Fire Tv Stick Lite 2022 Control De Voz Full Hd 8gb,76666,ARS,,new,https://articulo.mercadolibre.com.ar/MLA-1409003536-amazon-fire-tv-stick-lite-2022-control-de-voz-full-hd-8gb-_JM,http://http2.mlstatic.com/D_921432-MLA52140925321_102022-I.jpg,True
MLA1649142026,Smart Tv Philco Pld43fs23ch Led Hd 43 Android,334005,ARS,,new,https://articulo.mercadolibre.com.ar/MLA-1649142026-smart-tv-philco-pld43fs23ch-led-hd-43-android-_JM,http://http2.mlstatic.com/D_608976-MLU72675538660_112023-I.jpg,True
MLA1420245429,Smart Tv Noblex Dq50x9500pi Qled 4k 50'' Con Google Tv,799999,ARS,,new,https://articulo.mercadolibre.com.ar/MLA-1420245429-smart-tv-noblex-dq50x9500pi-qled-4k-50-con-google-tv-_JM,http://http2.mlstatic.com/D_832135-MLU75379459451_032024-I.jpg,True
MLA1737241948,Smart Tv LG Nanocell Ai Thinq 55nano80sqa 4k 55,899999,ARS,,new,https://articulo.mercadolibre.com.ar/MLA-1737241948-smart-tv-lg-nanocell-ai-thinq-55nano80sqa-4k-55-_JM,http://http2.mlstatic.com/D_694839-MLU72748262151_112023-I.jpg,True
MLA1419191025,LG Oled Evo C2 4k 55,1889999,ARS,,new,https://articulo.mercadolibre.com.ar/MLA-1419191025-lg-oled-evo-c2-4k-55-_JM,http://http2.mlstatic.com/D_860637-MLU72927914207_112023-I.jpg,True
MLA1403593681,Smart Tv LG Ai Thinq 60uq8050psb 4k 60,864924,ARS,,new,https://articulo.mercadolibre.com.ar/MLA-1403593681-smart-tv-lg-ai-thinq-60uq8050psb-4k-60-_JM,http://http2.mlstatic.com/D_918780-MLU72923865411_112023-I.jpg,False
MLA1419230571,Smart Tv LG Ai Thinq 70uq8050psb Led Webos 22 4k 70,1299999,ARS,,new,https://articulo.mercadolibre.com.ar/MLA-1419230571-smart-tv-lg-ai-thinq-70uq8050psb-led-webos-22-4k-70-_JM,http://http2.mlstatic.com/D_968340-MLU72493597750_102023-I.jpg,True
MLA1404599592,Smart Tv LG Ai Thinq 65nano80sqa Lcd 4k 65  100v/240v,1099999,ARS,,new,https://articulo.mercadolibre.com.ar/MLA-1404599592-smart-tv-lg-ai-thinq-65nano80sqa-lcd-4k-65-100v240v-_JM,http://http2.mlstatic.com/D_978138-MLU72700313177_112023-I.jpg,False
MLA1729373270,Smart Tv LG Ai Thinq 75uq8050psb Lcd Webos 22 4k 75,1749999,ARS,,new,https://articulo.mercadolibre.com.ar/MLA-1729373270-smart-tv-lg-ai-thinq-75uq8050psb-lcd-webos-22-4k-75-_JM,http://http2.mlstatic.com/D_721217-MLA52349536369_112022-I.jpg,True
MLA1416517193,Smart Tv LG Evo Oled65c2psa 4k 65  100v/240v,2492999,ARS,,new,https://articulo.mercadolibre.com.ar/MLA-1416517193-smart-tv-lg-evo-oled65c2psa-4k-65-100v240v-_JM,http://http2.mlstatic.com/D_939126-MLU72700629823_112023-I.jpg,False
MLA1419106789,Tv Tcl 32 S5400,245000,ARS,,new,https://articulo.mercadolibre.com.ar/MLA-1419106789-tv-tcl-32-s5400-_JM,http://http2.mlstatic.com/D_952957-MLA75487851102_042024-I.jpg,True
MLA1417780605,Smart Tv Noblex Dr50x9500pi 50  4k Black Series Con Google Tv,935999,ARS,,new,https://articulo.mercadolibre.com.ar/MLA-1417780605-smart-tv-noblex-dr50x9500pi-50-4k-black-series-con-google-tv-_JM,http://http2.mlstatic.com/D_785572-MLU75379063401_032024-I.jpg,True
MLA1211633312,Oled LG 4k 48c3 C3 Nuevos 2023 Evo  (palermo Siempre Stock),1890000,ARS,,new,https://articulo.mercadolibre.com.ar/MLA-1211633312-oled-lg-4k-48c3-c3-nuevos-2023-evo-palermo-siempre-stock-_JM,http://http2.mlstatic.com/D_836207-MLA52112401683_102022-I.jpg,True
MLA1701752754,Smart Tv Tcl 43s5400a Led Android Tv Full Hd 43  110v/220v,428499,ARS,,new,https://articulo.mercadolibre.com.ar/MLA-1701752754-smart-tv-tcl-43s5400a-led-android-tv-full-hd-43-110v220v-_JM,http://http2.mlstatic.com/D_800267-MLA71801596129_092023-I.jpg,True
MLA1489062962,Smart Tv Noblex Dk75x7500pi Led Hdr 4k 75'' Con Google Tv,1499999,ARS,,new,https://articulo.mercadolibre.com.ar/MLA-1489062962-smart-tv-noblex-dk75x7500pi-led-hdr-4k-75-con-google-tv-_JM,http://http2.mlstatic.com/D_931921-MLU69972231859_062023-I.jpg,False
MLA1579047012,Smart Tv LG 75  75uq8050psb Uhd 4k Thinq Ai,1460000,ARS,,new,https://articulo.mercadolibre.com.ar/MLA-1579047012-smart-tv-lg-75-75uq8050psb-uhd-4k-thinq-ai-_JM,http://http2.mlstatic.com/D_721217-MLA52349536369_112022-I.jpg,False
MLA1413396312,Smart Tv Led Nanocell 55 LG 55nano80sqa Webos 4k Uhd Gen5 Ai,986049,ARS,,new,https://articulo.mercadolibre.com.ar/MLA-1413396312-smart-tv-led-nanocell-55-lg-55nano80sqa-webos-4k-uhd-gen5-ai-_JM,http://http2.mlstatic.com/D_737065-MLA69332557162_052023-I.jpg,True
MLA1453473720,Smart Tv LG Ai Thinq 60uq8050psb Led Webos 22 4k 60  ,759999,ARS,,new,https://articulo.mercadolibre.com.ar/MLA-1453473720-smart-tv-lg-ai-thinq-60uq8050psb-led-webos-22-4k-60-_JM,http://http2.mlstatic.com/D_909430-MLA52445199713_112022-I.jpg,False
MLA1387787807,Smart Tv LG Evo Oled55c2psa Webos 22 4k 55  100v/240v,1799999,ARS,,new,https://articulo.mercadolibre.com.ar/MLA-1387787807-smart-tv-lg-evo-oled55c2psa-webos-22-4k-55-100v240v-_JM,http://http2.mlstatic.com/D_879013-MLA53433735971_012023-I.jpg,True
MLA1385293463,Smart Tv Led De 60 LG Ai Thinq 60uq8050psb Webos 22 4k ,749397,ARS,,new,https://articulo.mercadolibre.com.ar/MLA-1385293463-smart-tv-led-de-60-lg-ai-thinq-60uq8050psb-webos-22-4k-_JM,http://http2.mlstatic.com/D_909430-MLA52445199713_112022-I.jpg,False
MLA1685647342,Smart Tv Led Philco Pld43fs23ch 43 Pulgadas Fullhd Android,499999,ARS,,new,https://articulo.mercadolibre.com.ar/MLA-1685647342-smart-tv-led-philco-pld43fs23ch-43-pulgadas-fullhd-android-_JM,http://http2.mlstatic.com/D_913870-MLA74804948437_022024-I.jpg,True
MLA1388709177,Smart Tv Philco Pld43fs23ch Led Hd 43 Android ,449999,ARS,,new,https://articulo.mercadolibre.com.ar/MLA-1388709177-smart-tv-philco-pld43fs23ch-led-hd-43-android-_JM,http://http2.mlstatic.com/D_981395-MLA71725632593_092023-I.jpg,True
MLA1403381102,Smart Tv LG Evo Oled55c2psa Webos 22 4k 55  100v/240v,1899990,ARS,,new,https://articulo.mercadolibre.com.ar/MLA-1403381102-smart-tv-lg-evo-oled55c2psa-webos-22-4k-55-100v240v-_JM,http://http2.mlstatic.com/D_749310-MLA53433735956_012023-I.jpg,True
MLA1649155902,Smart Tv Led Hd 43 Pulgadas Philco Pld43fs23c Android Tv Cts,490697,ARS,,new,https://articulo.mercadolibre.com.ar/MLA-1649155902-smart-tv-led-hd-43-pulgadas-philco-pld43fs23c-android-tv-cts-_JM,http://http2.mlstatic.com/D_608976-MLU72675538660_112023-I.jpg,True
MLA1664661972,Smart Tv LG Nano Cell 55' 55nano80sqa 4k Thinq Ai,1221857,ARS,,new,https://articulo.mercadolibre.com.ar/MLA-1664661972-smart-tv-lg-nano-cell-55-55nano80sqa-4k-thinq-ai-_JM,http://http2.mlstatic.com/D_694839-MLU72748262151_112023-I.jpg,True
MLA1416753335,Smart Tv Noblex Black Series Dr50x9500pi 50 4k Google Tv,935999,ARS,,new,https://articulo.mercadolibre.com.ar/MLA-1416753335-smart-tv-noblex-black-series-dr50x9500pi-50-4k-google-tv-_JM,http://http2.mlstatic.com/D_944701-MLA75286985915_032024-I.jpg,True
MLA1370187065,Smart Tv LG 55nano80sqa Led Webos 22 4k 55  100v/240v,999990,ARS,,new,https://articulo.mercadolibre.com.ar/MLA-1370187065-smart-tv-lg-55nano80sqa-led-webos-22-4k-55-100v240v-_JM,http://http2.mlstatic.com/D_888386-MLA74808086207_022024-I.jpg,True
MLA1400240753,Tv Led Philco 43 Pld43fs23ch Smart Hd Hdmi/usb/android,364819.1,ARS,,new,https://articulo.mercadolibre.com.ar/MLA-1400240753-tv-led-philco-43-pld43fs23ch-smart-hd-hdmiusbandroid-_JM,http://http2.mlstatic.com/D_608976-MLU72675538660_112023-I.jpg,True
MLA1726703898,Smart Tv Led LG Oled Evo 55c2psa 4k 55 Webos Hdr10pro Jmc,2450000,ARS,,new,https://articulo.mercadolibre.com.ar/MLA-1726703898-smart-tv-led-lg-oled-evo-55c2psa-4k-55-webos-hdr10pro-jmc-_JM,http://http2.mlstatic.com/D_860637-MLU72927914207_112023-I.jpg,True
MLA1701660184,Smart Tv LG Ai Thinq 70uq8050psb Led Webos 22 4k 70,1499999,ARS,,new,https://articulo.mercadolibre.com.ar/MLA-1701660184-smart-tv-lg-ai-thinq-70uq8050psb-led-webos-22-4k-70-_JM,http://http2.mlstatic.com/D_698972-MLA74961019490_032024-I.jpg,False
MLA1419338033,Smart Tv LG Ai Thinq 60uq8050psb 4k 60,1209599.37,ARS,,new,https://articulo.mercadolibre.com.ar/MLA-1419338033-smart-tv-lg-ai-thinq-60uq8050psb-4k-60-_JM,http://http2.mlstatic.com/D_918780-MLU72923865411_112023-I.jpg,False
MLA1390375953,Televisor Smart LG 55nano80sqa Nanocell 55 Pulgadas Ultra Hd,1330699,ARS,,new,https://articulo.mercadolibre.com.ar/MLA-1390375953-televisor-smart-lg-55nano80sqa-nanocell-55-pulgadas-ultra-hd-_JM,http://http2.mlstatic.com/D_706387-MLA72001476345_092023-I.jpg,True
MLA1726777842,Smart Tv LG Ai Thinq 70uq8050psb Led Webos 22 4k 70 Jmc,1044000,ARS,,new,https://articulo.mercadolibre.com.ar/MLA-1726777842-smart-tv-lg-ai-thinq-70uq8050psb-led-webos-22-4k-70-jmc-_JM,http://http2.mlstatic.com/D_968340-MLU72493597750_102023-I.jpg,False
MLA1403542381,Smart Tv LG 60uq8050 60  4k Uhd Ai Thinq,1214448,ARS,,new,https://articulo.mercadolibre.com.ar/MLA-1403542381-smart-tv-lg-60uq8050-60-4k-uhd-ai-thinq-_JM,http://http2.mlstatic.com/D_951860-MLA74673968290_022024-I.jpg,False
MLA1372342961,Smart Tv LG Ai Thinq 70uq8050psb Led Webos 22 4k 70 Cuo,1796079,ARS,,new,https://articulo.mercadolibre.com.ar/MLA-1372342961-smart-tv-lg-ai-thinq-70uq8050psb-led-webos-22-4k-70-cuo-_JM,http://http2.mlstatic.com/D_995279-MLA51520827507_092022-I.jpg,False
MLA1400247414,Smart Tv LG Ai Thinq 70uq8050psb Led Webos 22 4k 70  ,1098990,ARS,,new,https://articulo.mercadolibre.com.ar/MLA-1400247414-smart-tv-lg-ai-thinq-70uq8050psb-led-webos-22-4k-70-_JM,http://http2.mlstatic.com/D_995279-MLA51520827507_092022-I.jpg,False
MLA1408615558,Smart Tv LG Nano Cell 55' 55nano80sqa 4k Thinq Ai,1221857,ARS,,new,https://articulo.mercadolibre.com.ar/MLA-1408615558-smart-tv-lg-nano-cell-55-55nano80sqa-4k-thinq-ai-_JM,http://http2.mlstatic.com/D_888386-MLA74808086207_022024-I.jpg,True
MLA1460559926,Smart Tv Led LG 75  4k 75uq8050psb,1979999,ARS,,new,https://articulo.mercadolibre.com.ar/MLA-1460559926-smart-tv-led-lg-75-4k-75uq8050psb-_JM,http://http2.mlstatic.com/D_721217-MLA52349536369_112022-I.jpg,False
MLA1411627229,Smart Tv LG Nanocell Ai Thinq 55nano80sqa 4k 55,1040000,ARS,,new,https://articulo.mercadolibre.com.ar/MLA-1411627229-smart-tv-lg-nanocell-ai-thinq-55nano80sqa-4k-55-_JM,http://http2.mlstatic.com/D_694839-MLU72748262151_112023-I.jpg,True
MLA1397195091,Smart Tv LG 75  75uq8050psb Uhd 4k Thinq Ai,2050000,ARS,,new,https://articulo.mercadolibre.com.ar/MLA-1397195091-smart-tv-lg-75-75uq8050psb-uhd-4k-thinq-ai-_JM,http://http2.mlstatic.com/D_721217-MLA52349536369_112022-I.jpg,False
MLA1701659578,Smart Tv LG Ai Thinq 70uq8050psb Led Webos 22 4k 70,1079999,ARS,,new,https://articulo.mercadolibre.com.ar/MLA-1701659578-smart-tv-lg-ai-thinq-70uq8050psb-led-webos-22-4k-70-_JM,http://http2.mlstatic.com/D_698972-MLA74961019490_032024-I.jpg,False
MLA1642417366,Smart Tv 43  Philco Pld43fs23ch Android,382899,ARS,,new,https://articulo.mercadolibre.com.ar/MLA-1642417366-smart-tv-43-philco-pld43fs23ch-android-_JM,http://http2.mlstatic.com/D_988916-MLA74752171593_022024-I.jpg,True
MLA1391739311,Smart Tv 55  LG 4k Oled Evo Oled55c2psa Ai Thinq Dolby Atmos,3195999,ARS,,new,https://articulo.mercadolibre.com.ar/MLA-1391739311-smart-tv-55-lg-4k-oled-evo-oled55c2psa-ai-thinq-dolby-atmos-_JM,http://http2.mlstatic.com/D_675870-MLA53433806165_012023-I.jpg,True
MLA1372334787,Smart Tv LG Ai Thinq 60uq8050psb Led Webos 22 4k 60 Cuo,1401399,ARS,,new,https://articulo.mercadolibre.com.ar/MLA-1372334787-smart-tv-lg-ai-thinq-60uq8050psb-led-webos-22-4k-60-cuo-_JM,http://http2.mlstatic.com/D_909430-MLA52445199713_112022-I.jpg,False
MLA1429243694,Smart Tv LG Ai Thinq 60uq8050psb Led Webos 22 4k 60,979999,ARS,,new,https://articulo.mercadolibre.com.ar/MLA-1429243694-smart-tv-lg-ai-thinq-60uq8050psb-led-webos-22-4k-60-_JM,http://http2.mlstatic.com/D_909430-MLA52445199713_112022-I.jpg,False
MLA1401943627,Smart Tv 60  LG Ultra Hd 4k 3840x2160 60 Hz Al Thinq Wifi Bt,1219990.0,ARS,,new,https://articulo.mercadolibre.com.ar/MLA-1401943627-smart-tv-60-lg-ultra-hd-4k-3840x2160-60-hz-al-thinq-wifi-bt-_JM,http://http2.mlstatic.com/D_630770-MLA74056022841_012024-I.jpg,False
MLA1381050429,Smart Tv De 70 LG 70uq8050psb Ai Thinq Led Webos 4k Uhd,1194999,ARS,,new,https://articulo.mercadolibre.com.ar/MLA-1381050429-smart-tv-de-70-lg-70uq8050psb-ai-thinq-led-webos-4k-uhd-_JM,http://http2.mlstatic.com/D_995279-MLA51520827507_092022-I.jpg,False
MLA1366349703,Smart Tv 55  LG 4k Oled Evo Oled55c2psa Ai Thinq,3399999,ARS,,new,https://articulo.mercadolibre.com.ar/MLA-1366349703-smart-tv-55-lg-4k-oled-evo-oled55c2psa-ai-thinq-_JM,http://http2.mlstatic.com/D_749310-MLA53433735956_012023-I.jpg,True
MLA1398277427,Smart Tv LG Ai Thinq 75uq8050psb Lcd Webos 22 4k 75,1679999,ARS,,new,https://articulo.mercadolibre.com.ar/MLA-1398277427-smart-tv-lg-ai-thinq-75uq8050psb-lcd-webos-22-4k-75-_JM,http://http2.mlstatic.com/D_721217-MLA52349536369_112022-I.jpg,False
MLA1384504274,Smart Tv LG Evo Oled55c2psa Webos 22 4k 55  100v/240v,1628489,ARS,,new,https://articulo.mercadolibre.com.ar/MLA-1384504274-smart-tv-lg-evo-oled55c2psa-webos-22-4k-55-100v240v-_JM,http://http2.mlstatic.com/D_749310-MLA53433735956_012023-I.jpg,True
MLA1387813323,Smart Tv LG Evo Oled55c2psa Webos 22 4k 55  100v/240v,2499999,ARS,,new,https://articulo.mercadolibre.com.ar/MLA-1387813323-smart-tv-lg-evo-oled55c2psa-webos-22-4k-55-100v240v-_JM,http://http2.mlstatic.com/D_749310-MLA53433735956_012023-I.jpg,True
MLA1411516075,Xiaomi Mi Tv Box S 2nd Control De Voz 4k 8gb Con 2gb De Memoria Ram,95633,ARS,,new,https://articulo.mercadolibre.com.ar/MLA-1411516075-xiaomi-mi-tv-box-s-2nd-control-de-voz-4k-8gb-con-2gb-de-memoria-ram-_JM,http://http2.mlstatic.com/D_643420-MLU73882599977_012024-I.jpg,True
MLA1733594774,Xiaomi Stick 4k Mdz-27-aa De Voz 4k 8gb Negro Con 2gb De Memoria Ram,104999,ARS,,new,https://articulo.mercadolibre.com.ar/MLA-1733594774-xiaomi-stick-4k-mdz-27-aa-de-voz-4k-8gb-negro-con-2gb-de-memoria-ram-_JM,http://http2.mlstatic.com/D_707474-MLA74013821655_012024-I.jpg,True
MLA1402472401,Xiaomi Mi Box S 4k 8gb  Negro 2gb Ram,134999,ARS,,new,https://articulo.mercadolibre.com.ar/MLA-1402472401-xiaomi-mi-box-s-4k-8gb-negro-2gb-ram-_JM,http://http2.mlstatic.com/D_669968-MLU70968344098_082023-I.jpg,True
MLA1715643928,Xiaomi Mi Tv Stick Full Hd 8gb Con Control Color Negro,82799,ARS,,new,https://articulo.mercadolibre.com.ar/MLA-1715643928-xiaomi-mi-tv-stick-full-hd-8gb-con-control-color-negro-_JM,http://http2.mlstatic.com/D_988091-MLU69826403059_062023-I.jpg,True
MLA1693660688,Xiaomi Mi Box S Mdz-22-ab De Voz 4k 8gb Negro Con 2gb De Memoria Ram,134999,ARS,,new,https://articulo.mercadolibre.com.ar/MLA-1693660688-xiaomi-mi-box-s-mdz-22-ab-de-voz-4k-8gb-negro-con-2gb-de-memoria-ram-_JM,http://http2.mlstatic.com/D_667985-MLA32790540414_112019-I.jpg,True
MLA1530373226,Xiaomi Mi Tv Box S 2nd 4k 8gb Control De Voz 2gb De Ram,100699,ARS,,new,https://articulo.mercadolibre.com.ar/MLA-1530373226-xiaomi-mi-tv-box-s-2nd-4k-8gb-control-de-voz-2gb-de-ram-_JM,http://http2.mlstatic.com/D_728566-MLA72122233255_102023-I.jpg,True
MLA1140062600,Xiaomi Mi Tv Stick 4k 8gb Ram 2gb Chromecast Netflix Amazon,115199,ARS,,new,https://articulo.mercadolibre.com.ar/MLA-1140062600-xiaomi-mi-tv-stick-4k-8gb-ram-2gb-chromecast-netflix-amazon-_JM,http://http2.mlstatic.com/D_976905-MLA50156370693_062022-I.jpg,True
MLA1411883473,Tv Stick Xiaomi Mi Full Hd Chromecast Smart Netflix Disney ,85999,ARS,,new,https://articulo.mercadolibre.com.ar/MLA-1411883473-tv-stick-xiaomi-mi-full-hd-chromecast-smart-netflix-disney-_JM,http://http2.mlstatic.com/D_632144-MLA74649470644_022024-I.jpg,True
MLA1404741649,Xiaomi Mi Box S Mdz-22-ab De Voz 4k 8gb Con 2gb Outlet,84000,ARS,,new,https://articulo.mercadolibre.com.ar/MLA-1404741649-xiaomi-mi-box-s-mdz-22-ab-de-voz-4k-8gb-con-2gb-outlet-_JM,http://http2.mlstatic.com/D_742159-MLA74136326144_012024-I.jpg,True
MLA1387328117,Xiaomi Mi Tv Box S 2nd Control De Voz 4k 8gb 2gb Memoria,129999,ARS,,new,https://articulo.mercadolibre.com.ar/MLA-1387328117-xiaomi-mi-tv-box-s-2nd-control-de-voz-4k-8gb-2gb-memoria-_JM,http://http2.mlstatic.com/D_643420-MLU73882599977_012024-I.jpg,True
MLA1124556559,Xiaomi Mi Tv Stick Full Hd Chromecast Android Amazon Netflix,99990,ARS,,new,https://articulo.mercadolibre.com.ar/MLA-1124556559-xiaomi-mi-tv-stick-full-hd-chromecast-android-amazon-netflix-_JM,http://http2.mlstatic.com/D_888826-MLA53197256952_012023-I.jpg,True
MLA1347014753,Xiaomi Mi Tv Stick De Voz 4k 8gb Negro Android 2gb Ram,109999,ARS,,new,https://articulo.mercadolibre.com.ar/MLA-1347014753-xiaomi-mi-tv-stick-de-voz-4k-8gb-negro-android-2gb-ram-_JM,http://http2.mlstatic.com/D_930814-MLA53833829383_022023-I.jpg,True
MLA1399512845,Xiaomi Mi Box S 4k 8gb Storage 2gb Ram C/control Mdz-22-ab,358020.0,ARS,,new,https://articulo.mercadolibre.com.ar/MLA-1399512845-xiaomi-mi-box-s-4k-8gb-storage-2gb-ram-ccontrol-mdz-22-ab-_JM,http://http2.mlstatic.com/D_884675-MLU72644398211_112023-I.jpg,True
MLA783855978,Xiaomi Mi Tv Box S 2nd 4k 8gb Control De Voz 2gb De Ram,146999,ARS,,new,https://articulo.mercadolibre.com.ar/MLA-783855978-xiaomi-mi-tv-box-s-2nd-4k-8gb-control-de-voz-2gb-de-ram-_JM,http://http2.mlstatic.com/D_724820-MLA72305138253_102023-I.jpg,True
MLA1180034732,Convertidor Smart Tv Android Xiaomi Mi Tv Stick Chromecast  ,149990,ARS,,new,https://articulo.mercadolibre.com.ar/MLA-1180034732-convertidor-smart-tv-android-xiaomi-mi-tv-stick-chromecast-_JM,http://http2.mlstatic.com/D_851030-MLA51179137152_082022-I.jpg,True
MLA1113177605,Mi Tv Box Xiaomi S Eu Con Control Remoto ,179990,ARS,,new,https://articulo.mercadolibre.com.ar/MLA-1113177605-mi-tv-box-xiaomi-s-eu-con-control-remoto-_JM,http://http2.mlstatic.com/D_850458-MLA32691548486_102019-I.jpg,True
MLA1693719544,Xiaomi Mi Stick 4k Convertidor Smart Android / Full + Fuente,119000,ARS,,new,https://articulo.mercadolibre.com.ar/MLA-1693719544-xiaomi-mi-stick-4k-convertidor-smart-android-full-fuente-_JM,http://http2.mlstatic.com/D_778735-MLA74934690305_032024-I.jpg,True
MLA1553935288,Xiaomi Mi Tv Box S 2nd Control De Voz 4k 8gb Con 2gb Ram,100690,ARS,,new,https://articulo.mercadolibre.com.ar/MLA-1553935288-xiaomi-mi-tv-box-s-2nd-control-de-voz-4k-8gb-con-2gb-ram-_JM,http://http2.mlstatic.com/D_643420-MLU73882599977_012024-I.jpg,True
MLA1152348527,Xiaomi Mi Tv Stick Mdz-24-aa De Voz Full Hd 8gb Negro 1gb,94999,ARS,,new,https://articulo.mercadolibre.com.ar/MLA-1152348527-xiaomi-mi-tv-stick-mdz-24-aa-de-voz-full-hd-8gb-negro-1gb-_JM,http://http2.mlstatic.com/D_903704-MLA74650245776_022024-I.jpg,True
MLA930626947,Xiaomi Mi Tv Stick Mdz-24-aa Full Hd 8gb 1gb Ram Control,89887.6,ARS,,new,https://articulo.mercadolibre.com.ar/MLA-930626947-xiaomi-mi-tv-stick-mdz-24-aa-full-hd-8gb-1gb-ram-control-_JM,http://http2.mlstatic.com/D_903704-MLA74650245776_022024-I.jpg,True
MLA1487903992,Xiaomi Mi Tv Box S 2nd Control De Voz 4k 8gb Con 2gb De Ram,162326.34,ARS,,new,https://articulo.mercadolibre.com.ar/MLA-1487903992-xiaomi-mi-tv-box-s-2nd-control-de-voz-4k-8gb-con-2gb-de-ram-_JM,http://http2.mlstatic.com/D_643420-MLU73882599977_012024-I.jpg,True
MLA1632918372,Xiaomi Mi Tv Stick Mdz-24-aa Conversor Smart Tv Andro Ppct,137708,ARS,,new,https://articulo.mercadolibre.com.ar/MLA-1632918372-xiaomi-mi-tv-stick-mdz-24-aa-conversor-smart-tv-andro-ppct-_JM,http://http2.mlstatic.com/D_953697-MLA73932277422_012024-I.jpg,True
MLA1530387840, Xiaomi Mi Tv Box S 2nd Gen Mdz-28-aa 4k Control 8gb 2gb Ram,129899,ARS,,new,https://articulo.mercadolibre.com.ar/MLA-1530387840-xiaomi-mi-tv-box-s-2nd-gen-mdz-28-aa-4k-control-8gb-2gb-ram-_JM,http://http2.mlstatic.com/D_643420-MLU73882599977_012024-I.jpg,True
MLA1418638553,Android Tv Mi Tv Stick (redmi),84000,ARS,,new,https://articulo.mercadolibre.com.ar/MLA-1418638553-android-tv-mi-tv-stick-redmi-_JM,http://http2.mlstatic.com/D_988091-MLU69826403059_062023-I.jpg,True
MLA1563178120,Xiaomi Mi Tv Box S 2nd Control De Voz 4k 8gb Con 2gb  Ram,114720,ARS,,new,https://articulo.mercadolibre.com.ar/MLA-1563178120-xiaomi-mi-tv-box-s-2nd-control-de-voz-4k-8gb-con-2gb-ram-_JM,http://http2.mlstatic.com/D_643420-MLU73882599977_012024-I.jpg,True
MLA1141550351,Xiaomi Mi Tv Stick Mdz-24-aa De Voz Full Hd 8gb Negro,149600,ARS,,new,https://articulo.mercadolibre.com.ar/MLA-1141550351-xiaomi-mi-tv-stick-mdz-24-aa-de-voz-full-hd-8gb-negro-_JM,http://http2.mlstatic.com/D_896468-MLA50241274323_062022-I.jpg,True
MLA1160117408,Convertidor Smart Xiaomi Mi Tv Stick Amazon Disney Netflix,134289,ARS,,new,https://articulo.mercadolibre.com.ar/MLA-1160117408-convertidor-smart-xiaomi-mi-tv-stick-amazon-disney-netflix-_JM,http://http2.mlstatic.com/D_921674-MLA75710933641_042024-I.jpg,True
MLA1160173040,Convertidor A Tv Smart Xiaomi Mi Tv Stick Disney Netflix Hbo,134289,ARS,,new,https://articulo.mercadolibre.com.ar/MLA-1160173040-convertidor-a-tv-smart-xiaomi-mi-tv-stick-disney-netflix-hbo-_JM,http://http2.mlstatic.com/D_663218-MLA75711110093_042024-I.jpg,True
MLA1419191641,Xiaomi Mi Tv Stick Mdz-24-aa Full Hd 8gb 1gb Ram Control,89000,ARS,,new,https://articulo.mercadolibre.com.ar/MLA-1419191641-xiaomi-mi-tv-stick-mdz-24-aa-full-hd-8gb-1gb-ram-control-_JM,http://http2.mlstatic.com/D_771655-MLA75573463059_042024-I.jpg,True
MLA1418323927,Xiaomi Mi Tv Stick Full Hd 8gb Con Control Color Negro,108000,ARS,,new,https://articulo.mercadolibre.com.ar/MLA-1418323927-xiaomi-mi-tv-stick-full-hd-8gb-con-control-color-negro-_JM,http://http2.mlstatic.com/D_988091-MLU69826403059_062023-I.jpg,True
MLA898101986,Xiaomi Mi Stick Tv Fhd Android Chromecast + Control Remoto,108030.82,ARS,,new,https://articulo.mercadolibre.com.ar/MLA-898101986-xiaomi-mi-stick-tv-fhd-android-chromecast-control-remoto-_JM,http://http2.mlstatic.com/D_759744-MLA51109355255_082022-I.jpg,True
MLA898102021,Xiaomi Mi Stick Tv Fhd Android Chromecast + Control Remoto,172973.35,ARS,,new,https://articulo.mercadolibre.com.ar/MLA-898102021-xiaomi-mi-stick-tv-fhd-android-chromecast-control-remoto-_JM,http://http2.mlstatic.com/D_780662-MLA75073979643_032024-I.jpg,True
MLA916228017,Xiaomi Mi Tv Stick Mdz-24-aa Full Hd 8gb 1gb Ram Control,153907,ARS,,new,https://articulo.mercadolibre.com.ar/MLA-916228017-xiaomi-mi-tv-stick-mdz-24-aa-full-hd-8gb-1gb-ram-control-_JM,http://http2.mlstatic.com/D_903704-MLA74650245776_022024-I.jpg,True
MLA1113216396,Streaming Mi Tv Box Xiaomi S Eu Wifi Bluetooth 4k ,149999,ARS,,new,https://articulo.mercadolibre.com.ar/MLA-1113216396-streaming-mi-tv-box-xiaomi-s-eu-wifi-bluetooth-4k-_JM,http://http2.mlstatic.com/D_850458-MLA32691548486_102019-I.jpg,True
MLA1142301756,Xiaomi Mi Tv Stick Mdz-24-ab Full Hd 8gb Negro Con 1gb Ram,114204.58,ARS,,new,https://articulo.mercadolibre.com.ar/MLA-1142301756-xiaomi-mi-tv-stick-mdz-24-ab-full-hd-8gb-negro-con-1gb-ram-_JM,http://http2.mlstatic.com/D_728741-MLA43334408824_092020-I.jpg,True
MLA1121142331,Tv Box Xiaomi Mi Box S 4k Ultra Hd ,178890,ARS,,new,https://articulo.mercadolibre.com.ar/MLA-1121142331-tv-box-xiaomi-mi-box-s-4k-ultra-hd-_JM,http://http2.mlstatic.com/D_667985-MLA32790540414_112019-I.jpg,True
MLA1400335498,Xiaomi Mi Tv Stick Mdz-24-aa Control Voz Full Hd 8gb 1gb Ram,113245,ARS,,new,https://articulo.mercadolibre.com.ar/MLA-1400335498-xiaomi-mi-tv-stick-mdz-24-aa-control-voz-full-hd-8gb-1gb-ram-_JM,http://http2.mlstatic.com/D_728741-MLA43334408824_092020-I.jpg,True
MLA1163794492,Xiaomi Mi Stick Tv 4k Uhd Android Chromecast+ Control Remoto,180104.15,ARS,,new,https://articulo.mercadolibre.com.ar/MLA-1163794492-xiaomi-mi-stick-tv-4k-uhd-android-chromecast-control-remoto-_JM,http://http2.mlstatic.com/D_610184-MLA51443102620_092022-I.jpg,True
MLA1104393417, Xiaomi Mi Tv Stick Full Hd 8gb Negro Con 1gb De Ram,100564,ARS,,new,https://articulo.mercadolibre.com.ar/MLA-1104393417-xiaomi-mi-tv-stick-full-hd-8gb-negro-con-1gb-de-ram-_JM,http://http2.mlstatic.com/D_903704-MLA74650245776_022024-I.jpg,True
MLA1660329264,Xiaomi Mi Box S Mdz-22-ab De Voz 4k 8gb Negro Con 2gb Ram,187299.63,ARS,,new,https://articulo.mercadolibre.com.ar/MLA-1660329264-xiaomi-mi-box-s-mdz-22-ab-de-voz-4k-8gb-negro-con-2gb-ram-_JM,http://http2.mlstatic.com/D_667985-MLA32790540414_112019-I.jpg,True
MLA1480941548,Xiaomi Mi Tv Stick Mdz-24-aa ,133855,ARS,,new,https://articulo.mercadolibre.com.ar/MLA-1480941548-xiaomi-mi-tv-stick-mdz-24-aa-_JM,http://http2.mlstatic.com/D_728741-MLA43334408824_092020-I.jpg,True
MLA1141550367,Xiaomi Mi Tv Stick Mdz-24-aa De Voz Full Hd 8gb Negro,216250,ARS,,new,https://articulo.mercadolibre.com.ar/MLA-1141550367-xiaomi-mi-tv-stick-mdz-24-aa-de-voz-full-hd-8gb-negro-_JM,http://http2.mlstatic.com/D_715320-MLA50241473480_062022-I.jpg,True
MLA1131155678,Tv Box Xiaomi Mi Tv Stick,134846.37,ARS,,new,https://articulo.mercadolibre.com.ar/MLA-1131155678-tv-box-xiaomi-mi-tv-stick-_JM,http://http2.mlstatic.com/D_903704-MLA74650245776_022024-I.jpg,True
MLA1330818578,Mi Tv Stick ,126322.1,ARS,,new,https://articulo.mercadolibre.com.ar/MLA-1330818578-mi-tv-stick-_JM,http://http2.mlstatic.com/D_641756-MLA53567180329_022023-I.jpg,True
MLA1330407141,Mi Tv Stick ,173692.89,ARS,,new,https://articulo.mercadolibre.com.ar/MLA-1330407141-mi-tv-stick-_JM,http://http2.mlstatic.com/D_823764-MLA53567181508_022023-I.jpg,True
MLA1411647819,Xiaomi Mi Tv Stick Mdz-24-aa Conversor Smart Tv Android 9 Hd,94971,ARS,,new,https://articulo.mercadolibre.com.ar/MLA-1411647819-xiaomi-mi-tv-stick-mdz-24-aa-conversor-smart-tv-android-9-hd-_JM,http://http2.mlstatic.com/D_680614-MLA74617708432_022024-I.jpg,True
MLA1669773106,Xiaomi Tv Stick 4k,119990,ARS,,new,https://articulo.mercadolibre.com.ar/MLA-1669773106-xiaomi-tv-stick-4k-_JM,http://http2.mlstatic.com/D_988091-MLU69826403059_062023-I.jpg,True
MLA1174435149,Xiaomi Mi Tv Stick Mdz-24-ab Full Hd 8gb - 1gb Ram Martinez,95989,ARS,,new,https://articulo.mercadolibre.com.ar/MLA-1174435149-xiaomi-mi-tv-stick-mdz-24-ab-full-hd-8gb-1gb-ram-martinez-_JM,http://http2.mlstatic.com/D_633813-MLA51648918864_092022-I.jpg,True
MLA1381105305,Mi Tv Stick Xiaomi Android 9.0 Hdr 2k Hdmi - Xiaomi,135000,ARS,,new,https://articulo.mercadolibre.com.ar/MLA-1381105305-mi-tv-stick-xiaomi-android-90-hdr-2k-hdmi-xiaomi-_JM,http://http2.mlstatic.com/D_971135-MLA70046861094_062023-I.jpg,True
MLA1407235799,Xiaomi Mi Box S Mdz-22-ab De Voz 4k 8gb Negro Con 2gb Ram,180000,ARS,,new,https://articulo.mercadolibre.com.ar/MLA-1407235799-xiaomi-mi-box-s-mdz-22-ab-de-voz-4k-8gb-negro-con-2gb-ram-_JM,http://http2.mlstatic.com/D_667985-MLA32790540414_112019-I.jpg,True
